"id","Q1","Q2","Q3","Q4","Q5","Q6","Q7","Q8","Q9","Q10","Q11","Q12","Q13","Q14","Q15","Q16","Q17"
1,6,5,4,4,3,2,3,3,1,3,2,3,3,1,3,2,2
2,7,4,4,4,3,5,3,3,1,3,3,2,2,1,2,2,0
3,8,5,4,4,4,4,3,3,3,1,3,3,2,2,1,2,1
4,6,5,4,4,4,3,2,3,1,4,3,3,3,2,2,1,2
5,4,2,3,2,3,1,2,2,1,1,1,1,1,2,1,0,1
6,4,2,2,2,3,2,2,2,3,0,2,1,1,2,2,1,2
7,6,5,4,4,4,3,3,4,2,2,3,3,2,3,3,1,2
8,5,1,2,1,2,1,3,2,1,1,1,1,2,2,2,0,1
9,6,3,5,3,3,3,4,1,3,2,2,3,2,2,2,2,1
10,7,5,3,4,4,4,3,3,2,3,2,3,2,1,2,2,1
11,7,5,4,3,3,5,4,3,2,2,3,2,3,1,2,1,2
12,6,5,4,4,4,3,2,3,2,2,2,3,3,2,3,1,2
13,5,2,2,2,3,1,2,2,2,1,2,2,1,1,1,0,1
14,6,4,4,4,3,4,3,3,2,3,2,2,3,1,2,1,2
15,7,3,4,4,1,3,4,1,2,2,1,2,1,2,1,2,2
16,5,3,2,1,2,0,2,2,2,0,0,1,2,1,1,1,1
17,4,3,2,2,3,1,2,2,2,1,2,2,1,1,1,1,0
18,6,3,4,4,5,2,2,3,2,3,4,3,3,2,2,1,1
19,6,4,3,3,3,3,3,1,3,3,2,2,1,2,2,3,2
20,6,5,4,4,4,3,3,3,3,3,2,3,3,2,2,1,1
21,7,5,4,4,2,4,3,2,1,3,2,2,3,2,2,2,1
22,6,4,4,4,3,3,3,2,3,2,1,3,1,2,1,2,1
23,5,2,2,2,3,1,2,1,2,1,2,1,1,1,1,1,-1
24,6,6,4,4,5,3,2,3,2,4,4,2,3,3,2,1,2
25,6,3,4,4,3,3,3,1,3,2,1,1,2,2,1,2,1
26,6,4,4,2,2,3,3,1,2,3,2,2,2,1,2,2,1
27,7,4,4,4,4,3,3,3,3,4,3,2,3,2,3,1,3
28,6,4,4,4,3,3,3,1,3,3,1,1,1,1,2,2,1
29,5,2,2,2,3,1,2,1,1,1,1,2,1,2,2,1,1
30,3,2,2,2,3,1,3,2,2,0,1,2,1,1,2,1,0
31,5,4,4,4,4,3,2,4,2,3,3,3,3,4,2,2,1
32,6,5,3,3,3,3,1,3,2,3,1,3,3,3,2,1,2
33,4,2,2,1,3,2,2,2,2,1,1,1,0,2,2,1,0
34,4,3,2,2,3,2,2,3,2,0,1,2,1,2,1,1,1
35,7,3,4,3,3,3,2,1,3,2,2,2,2,2,1,3,2
36,7,4,4,3,2,4,4,3,2,3,3,2,2,1,1,2,2
37,4,3,2,2,3,2,2,2,2,0,1,1,0,2,2,1,1
38,5,5,3,4,4,3,2,4,2,4,3,3,3,3,2,1,3
39,7,5,4,4,3,5,3,3,1,3,2,2,2,2,2,3,1
40,3,3,3,2,2,2,2,2,3,1,1,1,0,2,1,1,1
41,4,3,2,2,3,1,3,2,2,1,2,2,2,2,1,1,1
42,6,5,4,4,3,3,2,3,2,3,2,2,3,3,3,2,2
43,5,5,4,4,5,3,3,3,3,3,2,3,2,2,3,1,2
44,6,5,3,3,5,3,2,3,1,2,3,4,3,3,2,1,2
45,4,3,1,2,3,2,2,2,2,1,2,1,0,1,1,1,0
46,4,2,2,2,3,1,2,1,1,1,2,1,1,1,2,1,2
47,5,2,2,2,3,2,3,1,2,2,2,1,1,2,1,1,0
48,5,4,3,3,3,3,3,2,3,2,1,2,1,1,2,2,2
49,5,3,4,3,3,4,4,2,2,3,2,2,1,2,2,2,1
50,5,2,3,2,3,2,2,2,2,2,1,1,2,1,2,0,1
51,6,5,3,4,4,2,3,4,3,4,3,2,3,2,2,1,2
52,6,5,3,5,5,4,2,4,2,3,3,3,3,2,2,1,1
53,7,5,3,4,3,5,4,3,2,4,2,1,2,1,3,2,3
54,5,3,2,2,3,1,1,2,2,1,2,1,1,2,1,2,0
55,5,4,5,3,4,2,3,3,3,3,2,3,3,2,3,2,2
56,4,2,1,2,3,2,1,1,2,1,1,1,0,2,1,0,1
57,4,2,1,1,3,1,1,2,1,1,2,2,2,1,2,2,1
58,5,2,2,1,3,2,2,1,2,1,1,1,0,2,1,0,1
59,6,5,3,4,4,4,3,3,3,4,1,2,2,1,1,3,1
60,7,5,3,4,3,4,4,4,3,3,3,2,2,1,2,2,0
61,5,2,2,3,3,2,2,2,2,0,2,2,1,3,2,2,1
62,4,2,2,2,3,2,3,1,1,1,2,1,2,2,1,0,1
63,7,4,3,3,2,4,4,4,2,2,3,1,2,1,2,3,1
64,6,4,4,4,3,3,3,4,3,3,2,2,3,3,3,1,1
65,4,2,3,3,2,1,1,2,1,0,1,1,2,3,1,2,0
66,5,3,4,3,2,4,4,0,2,2,1,2,2,1,1,3,2
67,7,3,3,3,3,3,3,1,2,2,2,3,1,2,2,3,2
68,6,4,3,3,3,3,4,2,3,2,1,2,1,2,1,2,1
69,6,5,3,4,4,3,3,3,3,2,3,3,2,2,3,1,2
70,6,3,3,4,4,4,2,4,2,4,3,3,3,1,2,2,1
71,5,5,4,3,4,3,3,2,1,3,2,4,2,4,2,1,2
72,7,4,4,2,2,4,3,1,3,2,2,1,2,1,2,2,2
73,6,4,4,5,5,3,2,4,2,2,2,3,2,2,2,1,2
74,5,5,4,4,5,3,3,4,2,3,3,4,2,2,2,1,1
75,6,5,4,5,4,4,3,3,1,3,3,4,3,2,2,1,1
76,7,4,5,4,2,5,3,4,2,2,2,2,2,1,2,2,1
77,5,4,3,4,5,3,2,4,2,4,3,2,3,2,3,1,2
78,4,2,3,2,3,1,2,1,2,0,1,2,1,2,2,1,1
79,6,4,3,3,3,4,4,0,4,1,1,2,2,1,2,3,2
80,8,4,3,3,2,3,4,4,2,3,2,1,2,1,2,2,1
81,5,4,3,3,3,3,4,1,4,1,2,2,1,2,1,1,1
82,6,6,3,3,3,3,3,3,2,3,3,1,2,2,1,2,2
83,7,4,4,4,4,3,2,4,3,4,2,2,3,2,3,2,2
84,6,3,4,4,2,3,4,0,3,2,2,1,2,2,1,2,1
85,6,4,3,5,5,3,2,4,2,3,3,3,3,2,2,1,3
86,5,2,3,2,3,2,2,2,2,0,2,2,1,1,2,0,1
87,4,2,3,2,3,2,2,2,2,0,1,2,1,2,1,1,0
88,6,4,3,3,3,3,4,1,3,2,1,2,1,1,2,2,1
89,7,5,4,4,3,4,3,3,2,3,2,2,2,1,2,2,1
90,6,4,4,3,3,3,4,1,3,2,2,2,1,2,2,3,1
91,4,2,3,2,2,2,2,1,2,1,3,2,1,3,1,0,0
92,6,3,4,3,3,4,3,1,4,3,1,2,2,1,2,1,1
93,6,4,5,3,2,3,3,1,2,2,2,3,1,2,1,2,1
94,7,5,4,4,3,4,3,3,2,2,2,1,2,1,2,2,2
95,6,4,5,4,2,3,3,1,3,2,1,2,1,2,1,2,2
96,6,4,4,3,5,3,3,3,2,3,3,3,2,3,2,1,1
97,6,4,4,4,2,2,4,1,3,2,2,2,1,2,2,2,1
98,5,4,4,3,3,4,3,3,3,3,3,4,2,2,3,1,2
99,6,4,4,4,4,3,2,4,2,4,2,3,3,2,3,1,1
100,6,3,3,3,2,2,3,1,3,2,1,1,2,1,1,2,2
101,4,2,2,2,2,1,2,1,1,1,2,2,0,2,2,0,0
102,7,3,4,3,2,4,3,1,2,2,1,2,2,1,2,2,2
103,5,2,1,2,3,2,2,1,2,2,1,2,1,2,2,1,0
104,4,2,2,1,3,2,2,2,2,0,1,2,1,2,2,1,1
105,5,5,3,4,4,3,3,3,2,4,2,3,3,2,2,1,1
106,5,2,2,2,2,2,1,2,2,0,1,1,2,2,0,1,0
107,4,3,2,2,3,1,2,1,2,1,3,1,1,2,2,0,1
108,6,3,4,3,2,3,3,1,4,3,3,2,2,1,2,2,3
109,5,4,4,4,4,2,3,4,2,3,2,3,3,3,3,1,1
110,6,4,4,4,4,2,3,5,2,3,3,2,2,3,2,1,2
111,5,4,3,3,4,3,2,3,2,4,2,3,2,3,3,1,3
112,7,5,4,5,3,5,5,3,1,3,2,1,2,1,2,2,1
113,6,4,4,3,3,3,3,1,3,2,1,2,1,1,1,2,1
114,8,5,3,4,3,3,3,3,2,3,2,1,2,2,2,2,2
115,4,2,2,2,2,2,2,2,3,1,2,2,0,1,1,1,1
116,5,2,2,2,3,1,2,2,3,1,1,2,2,3,1,1,1
117,4,3,3,2,3,2,1,2,2,0,1,1,0,1,1,1,1
118,5,5,4,4,4,3,2,3,2,3,3,3,2,2,3,1,2
119,4,3,3,2,3,2,2,2,2,1,1,1,1,1,2,1,1
120,7,3,3,4,3,5,3,3,2,4,3,2,2,2,2,2,0
121,6,4,5,5,5,4,2,4,2,4,3,3,2,2,2,2,1
122,6,3,3,3,4,3,3,3,2,3,3,3,2,2,1,1,2
123,5,3,1,1,3,1,2,2,2,1,1,2,1,2,2,1,1
124,4,2,1,2,3,1,2,2,3,1,2,2,0,2,1,1,0
125,6,5,4,3,5,3,3,4,1,3,3,3,3,3,2,2,1
126,5,2,2,3,3,2,2,2,2,1,1,2,1,1,1,1,0
127,7,4,4,3,3,3,3,4,2,3,3,2,2,2,2,1,2
128,6,4,4,4,3,3,2,4,2,4,3,4,2,2,3,2,1
129,7,5,4,4,4,5,3,3,3,3,2,2,2,1,1,2,0
130,4,3,2,2,3,3,2,2,1,1,2,2,2,2,1,1,0
131,6,5,3,3,4,3,2,4,3,3,1,3,3,2,2,1,2
132,5,3,3,2,2,2,2,1,2,1,1,1,1,2,2,0,0
133,6,4,4,4,4,3,1,4,2,4,2,2,3,3,2,1,1
134,5,3,3,2,3,2,1,1,2,1,2,2,1,1,2,1,-1
135,5,5,4,3,5,3,2,4,2,3,2,2,3,3,2,1,1
136,7,5,3,5,3,4,3,3,2,3,3,2,2,1,2,2,1
137,7,4,4,4,3,4,4,0,3,2,1,2,1,2,2,3,1
138,4,2,2,2,3,2,3,1,2,2,1,2,0,1,2,1,1
139,7,4,4,4,4,3,2,3,2,3,2,2,2,3,2,1,2
140,7,4,4,4,2,3,3,2,3,3,1,2,2,1,2,2,1
141,5,4,4,4,4,4,2,2,2,3,3,3,3,2,2,2,2
142,6,5,5,5,5,3,3,3,2,3,3,2,3,1,2,1,2
143,7,4,4,4,2,4,4,4,2,3,3,1,4,1,1,2,1
144,6,5,3,4,4,3,2,4,2,3,4,2,3,3,2,2,2
145,6,4,4,3,3,3,3,1,4,2,2,2,1,1,1,2,1
146,6,4,4,5,3,4,3,3,2,4,2,2,2,2,1,2,1
147,7,5,3,4,3,3,4,4,1,3,3,2,2,2,2,3,1
148,5,4,4,4,4,4,2,4,2,3,4,2,3,2,3,0,3
149,7,3,4,3,2,3,3,2,3,3,1,2,1,2,2,3,0
150,6,4,4,3,5,3,2,3,2,3,3,2,3,2,2,1,3
151,3,2,2,2,3,1,2,3,2,0,2,2,1,2,1,0,1
152,6,4,4,3,3,3,3,1,4,2,1,1,1,2,2,3,0
153,4,2,1,2,3,1,2,3,2,1,1,1,2,2,1,1,1
154,6,3,4,3,2,3,3,1,3,3,2,1,2,2,2,2,2
155,7,6,4,4,3,4,4,3,2,3,3,1,2,2,1,2,1
156,6,5,4,3,5,3,3,3,2,3,3,3,2,2,2,1,2
157,4,3,2,2,3,1,2,2,1,1,0,2,1,2,1,1,1
158,4,4,4,4,5,4,2,4,2,3,3,2,3,2,2,2,2
159,5,3,5,5,4,3,2,4,2,4,3,4,2,3,2,2,1
160,6,5,3,4,5,4,3,3,2,3,3,3,3,3,2,1,1
161,4,3,2,1,3,2,2,2,2,1,2,2,1,2,1,1,1
162,5,3,3,2,3,2,2,2,2,0,1,2,1,1,2,1,1
163,6,4,3,4,4,3,3,4,1,2,3,3,2,3,3,0,1
164,8,4,3,4,3,5,4,3,2,3,4,1,2,1,2,1,1
165,5,5,3,3,4,3,2,3,2,3,3,2,2,3,2,1,1
166,7,4,3,4,2,5,4,2,2,2,2,2,2,1,3,2,1
167,5,2,3,2,2,2,2,1,2,1,1,2,1,1,2,1,0
168,4,2,3,2,3,1,2,1,3,1,2,1,1,2,2,1,1
169,5,5,4,5,3,4,2,3,2,3,3,2,2,1,2,2,2
170,7,3,3,4,2,3,3,1,3,2,2,2,1,1,2,3,1
171,5,1,2,2,3,0,2,2,2,0,2,1,1,1,2,2,0
172,6,5,5,4,4,3,2,3,2,3,2,3,3,3,2,1,2
173,5,3,3,3,2,1,2,2,2,1,2,2,1,2,1,1,1
174,4,2,1,2,2,2,2,2,2,1,1,2,1,2,1,1,0
175,7,3,5,4,3,3,3,1,3,2,1,2,3,1,2,2,1
176,7,4,4,4,2,4,4,4,1,3,3,2,3,1,1,2,1
177,7,4,4,4,2,3,4,0,4,2,1,2,1,2,1,2,2
178,6,5,3,4,4,3,2,4,2,3,3,3,3,2,3,1,1
179,4,2,4,2,3,1,2,1,2,0,2,1,1,2,1,0,1
180,5,2,2,2,3,2,2,2,3,0,2,2,1,2,2,1,0
181,5,2,2,3,3,2,3,0,2,0,2,2,1,3,1,1,0
182,6,2,3,3,2,2,3,1,2,2,1,2,1,2,1,2,1
183,4,3,2,2,4,1,1,2,2,1,1,2,1,2,1,1,2
184,8,4,4,4,4,4,3,4,2,4,2,3,2,1,1,2,0
185,6,5,4,4,5,3,2,3,2,3,3,3,2,3,2,1,2
186,8,5,4,4,2,4,3,3,2,4,2,2,3,2,2,2,1
187,6,5,4,4,5,4,2,3,2,3,2,3,3,2,2,0,2
188,8,5,3,4,2,4,4,4,2,4,3,1,2,1,1,2,1
189,6,4,5,4,4,3,2,4,2,3,3,2,2,3,2,1,1
190,6,5,4,3,4,4,2,3,2,3,2,3,3,2,3,1,2
191,6,6,4,3,4,3,3,3,2,3,3,3,3,3,2,2,2
192,7,3,3,2,3,4,3,1,4,2,2,1,1,2,2,1,1
193,5,1,3,2,3,1,1,3,3,1,1,1,1,2,2,1,2
194,6,5,3,4,4,3,3,3,2,3,2,3,3,3,2,2,2
195,6,3,4,4,2,3,4,1,3,3,1,2,2,1,2,2,2
196,5,4,4,4,5,3,3,4,1,3,2,3,3,2,2,1,2
197,5,5,3,4,5,3,2,3,2,3,2,3,3,2,3,0,2
198,5,4,4,4,5,2,2,3,2,4,3,3,2,3,2,1,2
199,6,5,3,4,5,3,2,3,3,4,3,3,3,2,2,2,2
200,6,4,4,3,5,2,3,3,1,4,3,2,2,3,2,1,2
201,7,4,4,3,3,5,5,3,3,4,2,2,2,2,2,3,1
202,7,4,3,4,2,4,4,3,2,3,2,2,2,2,2,2,2
203,7,5,4,4,3,5,4,4,1,3,2,2,3,1,2,2,0
204,4,1,2,1,3,1,3,2,2,0,2,1,1,1,1,2,1
205,6,4,4,3,2,3,4,1,3,2,1,1,2,2,1,1,2
206,7,5,4,4,3,4,4,3,2,3,3,2,2,2,1,2,1
207,6,5,3,4,5,3,2,4,3,3,3,2,3,2,1,1,2
208,4,3,2,2,2,1,2,2,2,0,2,2,1,2,1,1,0
209,5,5,4,3,4,4,2,3,2,2,2,3,2,3,2,1,2
210,6,4,4,4,3,3,3,3,2,3,2,3,2,2,3,1,2
211,4,2,3,3,2,1,2,1,2,1,2,1,2,2,1,1,1
212,6,3,4,3,2,3,3,1,3,2,2,1,1,2,2,2,2
213,7,5,3,4,3,4,5,3,2,3,2,2,3,1,1,2,0
214,8,4,3,4,3,3,4,3,3,3,3,2,2,2,3,3,1
215,5,1,2,2,3,0,2,2,3,0,2,2,1,2,2,1,1
216,5,4,4,4,4,3,3,4,2,3,3,3,3,2,3,1,2
217,6,5,4,3,5,3,2,3,2,3,3,3,2,2,3,2,2
218,4,2,3,2,3,2,3,1,3,0,2,2,2,2,1,1,2
219,7,4,3,3,2,4,4,1,3,2,2,2,1,2,2,2,1
220,6,4,3,4,4,3,2,3,1,4,2,3,3,2,2,0,2
221,6,4,4,4,4,3,2,4,2,3,2,3,3,3,2,1,2
222,4,2,3,3,3,2,2,2,2,0,2,2,0,2,1,1,1
223,6,4,4,2,2,3,4,-1,3,3,2,1,1,2,3,2,1
224,6,3,4,3,1,3,3,1,4,2,2,2,2,2,2,2,1
225,8,5,4,4,3,4,4,2,2,3,2,2,2,2,2,2,1
226,7,5,3,3,3,4,4,2,2,3,2,1,2,1,2,2,1
227,5,3,3,1,3,2,2,1,1,0,2,1,1,2,2,1,0
228,7,3,3,4,2,3,3,1,2,2,1,2,1,2,2,3,2
229,7,5,5,4,2,4,3,4,2,3,3,2,2,2,1,2,1
230,7,4,3,5,3,4,3,3,3,3,2,1,3,1,2,1,2
231,7,4,3,4,3,4,3,3,1,3,2,1,2,2,2,2,1
232,4,3,2,2,3,2,3,1,3,1,1,0,1,2,1,0,0
233,4,2,3,2,3,1,1,2,2,1,2,2,1,2,2,0,0
234,7,3,4,3,2,3,3,2,3,2,1,1,1,2,1,2,1
235,4,1,2,1,3,2,2,1,2,1,2,3,0,2,2,1,1
236,5,4,5,4,4,2,2,4,2,3,2,3,2,3,3,0,1
237,6,4,4,4,2,3,3,1,3,2,2,2,2,2,2,2,2
238,6,4,3,3,4,3,3,3,2,3,3,3,2,2,3,1,3
239,6,5,5,4,5,3,3,3,2,4,3,3,3,2,2,1,2
240,6,4,3,3,2,3,3,1,3,1,2,1,2,3,3,2,2
241,4,3,3,3,4,1,2,2,2,1,1,1,1,1,2,1,1
242,5,5,5,3,4,3,2,3,2,4,2,3,3,1,1,1,2
243,6,3,3,2,2,3,3,0,3,2,2,3,1,2,2,3,2
244,7,5,3,3,3,4,3,3,2,3,2,1,3,1,1,3,1
245,5,3,3,2,2,1,1,2,1,0,2,2,1,2,2,1,1
246,4,1,1,2,3,2,2,2,2,1,2,2,1,2,1,1,1
247,6,5,5,4,4,3,3,3,2,3,3,3,3,3,3,1,2
248,4,2,1,3,3,2,1,2,2,1,1,2,2,1,1,2,1
249,5,5,3,3,4,3,2,4,3,3,3,3,2,2,2,1,2
250,5,4,3,3,4,3,2,4,3,4,2,2,2,2,2,1,1
251,8,4,3,4,3,3,3,4,3,2,3,2,2,2,2,2,1
252,5,5,4,5,5,3,2,3,3,3,2,3,2,3,1,1,1
253,5,3,2,2,2,1,1,1,2,0,4,2,1,2,1,1,1
254,6,4,4,3,4,4,3,3,2,3,2,3,2,3,1,2,3
255,7,4,4,5,3,4,3,4,2,3,3,1,2,2,3,2,1
256,6,4,4,4,4,3,2,3,1,4,2,4,3,2,3,0,2
257,5,2,2,2,4,1,3,3,2,1,2,1,0,1,1,1,1
258,6,4,3,4,5,2,3,3,3,3,3,3,3,3,2,2,2
259,6,5,3,4,4,3,3,2,2,3,2,1,3,3,3,2,1
260,7,4,4,3,3,3,4,0,2,2,3,2,2,2,3,2,1
261,7,5,3,4,2,5,4,4,3,3,2,1,2,1,2,1,1
262,5,4,4,4,4,3,2,4,1,4,3,3,3,2,2,0,1
263,7,3,3,3,2,4,3,1,3,2,2,1,2,2,1,2,1
264,4,2,2,2,3,3,2,2,1,0,2,2,1,2,2,0,0
265,5,2,2,3,3,1,2,2,2,1,2,2,1,1,2,1,1
266,6,5,4,4,3,4,3,3,2,3,3,2,3,2,2,2,1
267,6,4,4,4,4,3,3,4,3,4,3,3,2,3,2,2,1
268,8,5,3,4,3,4,4,4,1,3,2,1,3,2,2,2,1
269,7,3,4,3,2,5,4,3,2,3,2,1,3,1,2,2,2
270,6,4,4,4,2,3,3,1,3,2,1,2,1,2,1,2,2
271,7,5,4,4,3,3,3,3,2,3,2,2,3,1,3,2,1
272,7,4,4,4,3,4,3,4,2,3,3,1,2,1,2,2,2
273,8,5,3,4,3,4,4,3,2,3,3,1,2,2,2,2,1
274,7,4,3,3,4,3,2,4,2,3,3,3,3,2,2,1,2
275,7,5,3,4,3,5,3,3,2,4,3,2,2,2,2,2,2
276,6,4,3,3,3,3,3,1,3,2,2,2,2,2,1,2,2
277,4,1,2,2,2,2,1,2,2,1,1,2,1,2,2,1,1
278,4,2,2,2,3,2,3,2,2,0,1,1,1,1,0,1,1
279,5,4,4,4,4,3,2,4,2,3,2,3,3,2,2,1,2
280,6,5,4,4,4,2,3,3,2,2,3,3,3,3,2,0,1
281,4,3,3,2,2,2,2,1,2,0,1,2,1,1,1,1,1
282,3,3,3,3,3,2,2,2,2,0,1,1,1,3,1,1,0
283,8,5,4,4,3,5,4,3,2,3,2,2,3,2,2,0,2
284,8,6,4,5,2,3,4,3,2,2,2,2,2,1,1,2,2
285,5,2,1,2,2,0,2,2,2,0,3,2,1,2,1,0,2
286,4,2,3,2,3,1,2,2,2,0,1,2,0,2,1,1,1
287,6,3,4,3,3,3,4,0,2,2,2,2,2,1,3,3,2
288,6,4,4,3,2,4,4,1,3,3,2,1,1,2,2,1,2
289,5,3,2,2,2,2,1,2,2,1,1,1,1,2,2,1,1
290,4,2,2,2,2,1,2,2,2,1,1,2,0,1,2,0,1
291,4,4,3,3,5,4,3,3,2,3,3,3,3,2,2,2,1
292,6,5,4,5,4,3,2,4,2,4,3,2,3,2,2,1,2
293,6,5,4,4,4,5,4,4,2,3,3,0,2,2,2,2,1
294,6,4,4,3,3,3,3,0,3,2,1,1,2,2,2,2,2
295,3,2,2,2,3,1,2,2,1,0,2,2,2,0,1,0,0
296,3,3,2,2,3,2,3,2,2,1,2,1,0,2,2,0,1
297,6,2,2,2,3,2,1,2,1,1,2,1,1,1,1,0,1
298,5,4,4,4,4,5,2,3,2,3,3,4,3,2,2,2,2
299,5,4,4,3,4,4,2,3,2,3,3,3,2,2,2,1,2
300,4,2,3,3,3,2,2,1,2,1,2,1,1,2,2,1,0
301,7,5,4,3,2,3,4,3,2,3,4,2,2,1,2,2,1
302,6,3,3,2,3,3,3,1,3,2,1,2,0,1,1,2,1
303,5,2,2,2,1,2,2,1,2,0,2,2,1,1,2,2,1
304,6,5,3,4,2,4,3,3,1,3,2,2,2,2,2,2,2
305,8,5,3,4,3,4,3,3,2,2,3,2,3,2,2,2,1
306,4,3,2,2,3,2,2,2,3,1,1,1,2,2,1,1,0
307,4,2,2,2,3,0,3,1,2,-1,2,2,2,2,1,1,0
308,5,1,3,3,3,1,3,2,3,1,1,2,1,2,0,1,1
309,5,3,2,3,2,2,3,2,2,0,2,1,1,2,1,1,0
310,6,4,4,4,3,3,2,3,3,3,3,3,3,3,2,1,1
311,6,4,4,4,4,3,2,4,2,3,2,2,2,2,2,1,1
312,6,3,3,3,2,3,4,1,3,1,1,2,2,1,2,2,1
313,5,1,2,2,3,1,2,1,2,1,1,0,2,1,1,1,1
314,5,4,3,4,5,3,2,3,2,4,3,2,3,3,2,1,1
315,7,5,3,4,2,4,4,3,2,3,3,2,2,1,2,2,2
316,5,4,3,3,5,3,3,2,2,4,3,3,2,1,3,1,2
317,6,3,3,4,3,3,3,0,2,3,2,2,1,2,2,2,2
318,6,3,4,3,1,4,4,0,3,2,1,1,2,2,3,3,0
319,7,5,4,4,2,4,3,3,2,3,2,2,2,2,2,2,1
320,6,4,4,4,4,3,3,3,2,3,3,3,3,3,1,1,1
321,7,4,4,3,3,4,4,0,4,2,2,1,2,2,2,2,1
322,6,4,4,3,4,3,2,2,2,3,3,2,3,2,2,1,1
323,6,5,3,4,4,2,2,3,2,3,3,2,3,2,2,1,1
324,6,5,4,4,4,3,2,2,2,3,3,3,3,4,3,1,2
325,6,4,4,3,2,3,3,1,3,2,2,1,1,2,2,2,1
326,5,2,3,3,3,2,2,1,2,1,1,1,1,1,1,1,0
327,6,3,4,4,2,3,4,1,3,2,2,1,1,2,2,2,2
328,6,5,4,4,4,4,2,3,2,2,4,3,2,3,2,2,2
329,4,2,2,3,3,2,2,1,2,1,1,1,1,1,2,0,1
330,6,4,3,4,4,3,2,3,1,3,3,3,2,3,3,1,0
331,6,5,4,4,4,2,2,4,3,3,2,3,2,3,2,2,2
332,7,4,3,4,3,4,3,3,2,3,2,2,2,2,0,2,1
333,7,4,3,4,2,4,3,3,3,3,3,2,3,1,2,2,1
334,6,4,4,3,3,2,3,3,2,4,2,3,3,3,1,1,2
335,6,5,4,4,4,3,2,3,2,4,2,2,2,3,2,1,1
336,4,3,3,2,3,2,2,1,2,1,1,1,0,2,1,1,1
337,6,5,4,4,4,3,3,3,2,3,2,3,3,2,3,1,1
338,7,3,4,3,3,4,4,0,3,1,2,1,1,1,2,2,2
339,7,4,3,4,2,3,4,4,2,3,3,1,2,1,2,3,2
340,4,2,3,2,2,2,2,2,2,1,1,2,2,2,1,1,0
341,8,4,3,4,3,4,3,3,2,3,3,3,2,1,2,2,1
342,7,5,4,3,2,4,4,3,1,3,3,1,2,1,1,3,1
343,7,5,3,4,3,4,3,4,1,4,3,2,2,1,1,2,2
344,3,2,3,2,2,1,2,2,2,1,2,1,1,2,1,1,1
345,7,4,4,3,2,2,3,1,3,2,2,1,3,2,3,2,0
346,4,2,2,2,3,3,2,2,1,0,2,2,2,1,2,1,0
347,6,3,4,4,2,3,4,1,2,2,1,1,1,1,2,1,1
348,8,5,4,4,3,4,4,2,3,2,2,1,2,2,3,2,1
349,6,5,4,3,5,3,3,4,1,3,2,2,3,2,2,2,1
350,7,3,4,3,2,3,4,1,3,3,1,2,2,1,2,2,1
351,4,2,1,2,3,2,2,3,2,0,1,2,1,2,1,1,1
352,6,4,4,3,2,3,3,1,4,1,2,2,1,2,1,2,1
353,6,5,4,5,4,3,2,4,2,4,2,3,2,2,2,1,1
354,3,2,3,2,3,1,2,2,2,1,2,1,1,1,1,1,1
355,5,2,2,2,2,1,2,2,2,1,1,2,1,2,1,1,1
356,7,6,4,4,3,4,3,4,3,3,2,2,2,2,1,2,1
357,7,5,3,4,3,4,4,3,3,3,2,2,1,2,2,2,2
358,5,3,3,3,2,3,3,2,3,1,3,2,2,2,3,2,2
359,6,4,3,3,4,3,3,4,3,5,2,3,2,2,2,2,2
360,6,3,4,3,2,4,4,0,3,2,1,2,1,2,2,2,2
361,6,5,4,3,4,4,2,3,1,4,3,2,3,3,2,0,2
362,6,5,4,4,5,4,3,4,2,4,3,3,3,2,2,2,2
363,5,3,3,3,4,2,2,1,3,1,2,2,1,2,1,0,1
364,5,4,4,4,4,4,2,3,3,4,2,3,3,2,2,1,2
365,7,5,4,2,2,3,3,1,4,2,2,2,2,2,2,2,1
366,6,4,4,4,4,3,2,4,3,2,3,2,2,2,3,1,2
367,6,4,4,4,5,3,3,3,2,3,3,3,3,2,2,1,2
368,3,3,1,2,3,1,2,2,2,1,2,2,1,2,1,0,1
369,6,4,4,3,2,3,3,0,4,1,2,2,2,2,1,3,1
370,5,5,4,5,5,3,2,4,2,3,3,3,3,3,2,1,1
371,8,4,4,4,3,4,4,3,1,3,2,2,2,2,2,1,1
372,4,2,2,3,3,2,2,1,3,1,1,1,1,2,0,1,1
373,7,4,4,3,2,4,3,1,2,2,2,3,1,2,2,2,1
374,6,4,4,4,1,3,3,0,3,2,1,2,1,2,2,2,2
375,6,3,4,3,2,3,3,1,3,3,1,3,1,1,2,2,2
376,6,3,4,3,3,2,3,1,3,3,1,2,1,2,1,2,2
377,4,3,3,2,2,2,2,2,2,0,2,2,1,2,1,1,0
378,4,2,2,2,2,2,2,1,1,0,2,2,0,1,2,1,2
379,5,1,2,1,3,2,2,2,2,1,1,2,1,2,0,1,1
380,6,4,4,3,4,2,3,3,2,3,3,3,3,2,2,2,1
381,4,3,2,2,3,0,2,2,2,1,2,0,1,1,1,1,0
382,7,4,4,3,3,3,3,1,4,2,2,1,1,2,1,2,1
383,6,3,3,3,2,4,4,1,3,1,2,2,0,2,2,2,2
384,4,2,3,2,3,2,2,2,2,1,1,2,1,2,2,0,1
385,4,3,2,2,3,2,2,1,1,0,0,2,0,3,2,1,2
386,5,2,2,1,2,1,2,2,2,1,1,2,0,1,2,1,1
387,6,4,4,3,4,3,2,3,3,3,3,3,3,2,1,1,2
388,6,4,3,4,3,3,3,1,4,2,1,1,1,1,3,2,2
389,4,3,2,3,2,1,2,1,2,0,0,3,2,2,2,1,0
390,4,2,2,2,3,1,2,1,1,0,1,1,1,2,1,1,1
391,7,4,4,4,2,3,4,4,2,3,3,2,2,2,2,2,1
392,5,3,2,3,2,1,2,2,2,1,1,1,2,2,1,0,2
393,6,5,3,3,4,3,3,4,3,3,3,2,2,2,1,2,2
394,8,5,2,4,3,4,4,3,3,3,2,1,2,2,2,1,1
395,4,3,2,3,3,2,3,2,2,0,1,0,1,2,1,0,0
396,6,5,4,4,4,3,3,2,2,3,3,3,3,3,3,1,1
397,5,5,4,3,4,3,3,3,2,3,3,3,3,2,2,1,2
398,7,4,3,4,2,4,3,3,2,3,2,2,2,2,2,2,1
399,7,4,4,4,5,3,2,3,2,3,2,3,3,3,1,1,2
400,7,4,3,3,3,4,4,4,2,3,3,2,2,2,2,3,0
401,6,3,4,3,3,3,3,1,3,3,2,1,1,2,2,1,1
402,6,4,4,2,2,3,4,1,4,2,1,3,1,2,1,3,2
403,5,5,3,3,4,3,3,4,2,3,3,3,3,2,2,1,0
404,4,2,2,3,3,2,2,1,3,1,1,2,0,2,2,0,2
405,7,5,4,5,2,4,3,3,2,3,2,1,2,1,1,2,1
406,4,2,3,2,2,1,1,2,2,2,2,2,1,2,2,1,1
407,6,4,4,3,2,3,3,1,4,2,1,2,2,0,1,2,1
408,6,5,2,4,4,3,2,3,3,4,3,2,4,3,2,1,2
409,7,5,4,4,5,3,3,2,2,3,3,4,3,1,1,1,1
410,4,3,2,2,3,2,2,2,2,1,1,2,2,3,2,0,0
411,5,3,3,3,4,2,2,2,2,1,1,1,2,2,1,1,1
412,4,2,3,2,2,2,3,2,2,1,2,2,1,3,1,2,0
413,7,3,5,4,2,3,4,1,3,2,2,1,2,2,1,2,2
414,6,5,4,4,4,4,2,3,2,4,2,4,3,2,3,2,1
415,4,2,2,2,3,1,2,0,1,1,1,1,2,2,2,1,1
416,4,3,2,3,3,2,1,1,2,1,1,1,1,2,1,1,1
417,6,3,4,3,3,3,3,0,3,2,2,2,2,2,1,1,2
418,6,4,3,3,4,3,3,3,2,3,3,4,2,2,2,1,2
419,4,3,3,2,4,1,2,2,2,1,2,2,2,2,1,1,1
420,6,5,4,4,3,4,3,4,1,3,2,2,2,2,2,2,1
421,9,5,4,4,3,4,3,4,2,3,2,2,3,1,2,2,0
422,6,4,4,3,4,3,3,3,2,4,3,3,2,2,1,1,2
423,5,5,3,4,5,3,3,4,3,3,3,3,3,3,1,2,2
424,6,3,4,3,2,4,3,0,3,2,1,1,1,1,2,1,1
425,7,4,4,4,3,5,3,3,2,2,3,2,2,0,2,2,1
426,4,2,1,2,3,1,3,3,2,0,1,2,0,2,2,1,0
427,6,4,4,4,5,3,3,3,2,3,3,1,3,3,2,3,1
428,7,3,5,4,2,3,3,0,4,2,1,1,2,2,2,2,0
429,6,4,4,3,3,4,3,0,3,2,2,2,1,1,3,2,2
430,3,2,2,1,3,1,1,2,3,0,1,1,0,3,1,1,0
431,7,3,4,4,2,4,3,1,2,2,1,2,1,2,2,2,0
432,6,5,3,4,3,4,3,3,2,3,3,2,3,1,2,2,2
433,4,2,2,2,3,1,1,1,1,0,2,1,1,3,2,1,1
434,6,5,5,4,4,4,2,4,3,3,2,3,3,2,1,0,3
435,6,4,3,4,4,3,2,3,2,3,2,2,3,3,2,1,2
436,4,1,2,2,4,2,2,2,2,1,2,1,1,2,1,1,1
437,6,5,3,4,5,3,1,4,2,4,3,2,3,2,2,2,2
438,6,4,4,3,3,4,4,4,2,3,3,2,2,1,3,2,1
439,7,4,4,4,2,4,4,4,1,3,3,2,2,2,2,2,1
440,7,4,3,3,3,3,4,2,3,2,1,1,2,2,2,3,1
441,7,3,4,3,2,3,3,1,3,1,2,1,1,2,2,2,1
442,5,2,3,2,3,1,2,2,2,1,1,2,1,1,0,0,0
443,8,5,4,4,2,4,4,3,2,4,3,2,2,1,2,2,2
444,6,3,4,3,2,3,4,0,3,2,2,2,2,2,2,2,1
445,5,4,4,4,4,3,3,3,2,4,2,2,3,3,3,1,2
446,6,4,4,4,3,3,3,0,3,2,2,1,0,1,2,2,2
447,7,5,3,4,3,4,4,4,2,2,2,1,1,3,1,3,1
448,7,4,4,3,2,2,2,1,3,3,1,2,2,2,1,2,1
449,6,4,3,4,3,4,3,0,4,3,1,2,1,2,2,3,1
450,5,3,3,1,3,1,2,2,2,1,2,1,1,3,1,0,1
451,6,3,4,3,2,4,4,1,2,2,1,1,2,2,2,2,1
452,6,4,4,3,1,3,4,0,3,3,1,2,1,1,2,2,1
453,6,3,4,3,2,3,3,1,4,3,1,2,1,1,1,1,2
454,5,2,2,2,3,2,2,1,2,1,1,0,2,3,1,1,0
455,7,4,3,4,3,4,4,3,2,2,2,2,2,1,3,2,1
456,7,4,4,3,3,3,4,4,1,3,2,1,2,2,2,2,1
457,6,5,4,3,4,3,3,4,2,3,2,3,2,1,2,0,2
458,3,3,3,2,3,2,2,2,3,0,2,1,0,2,1,1,1
459,4,2,3,3,2,2,1,1,2,1,2,2,1,2,1,1,1
460,4,2,2,2,3,2,1,2,2,1,1,1,2,2,1,0,1
461,4,2,3,2,3,2,2,2,0,1,1,2,2,2,1,0,1
462,6,5,4,4,4,3,3,3,0,2,3,2,2,2,2,1,1
463,5,4,4,4,5,3,3,3,2,3,3,3,3,2,2,1,1
464,6,3,3,3,3,3,3,1,3,2,0,2,2,2,2,1,2
465,3,3,2,2,3,3,2,2,2,0,2,1,1,2,1,1,1
466,6,4,3,3,2,3,3,1,4,2,2,3,1,2,1,2,2
467,7,4,3,3,3,5,4,4,2,3,3,1,2,2,1,2,1
468,6,3,4,3,2,3,3,1,3,1,2,2,2,2,2,2,1
469,5,4,4,3,4,3,3,3,2,3,2,3,3,3,2,0,1
470,5,2,2,2,3,1,1,2,2,0,2,2,1,1,1,1,1
471,7,5,4,4,3,4,3,3,3,3,1,2,2,2,2,1,1
472,4,2,2,2,2,2,2,2,2,1,2,2,1,1,2,1,1
473,5,4,4,3,4,3,3,3,2,3,3,2,3,3,3,1,2
474,5,5,5,4,4,2,3,4,2,2,3,3,3,4,2,2,2
475,5,2,1,2,2,1,2,1,2,0,1,1,1,1,2,1,1
476,7,5,4,3,3,4,4,4,2,2,2,1,2,1,2,1,1
477,6,3,5,3,2,3,4,1,4,3,1,2,2,2,0,2,1
478,6,4,4,4,5,3,2,3,2,2,2,3,3,2,2,2,2
479,5,5,3,4,4,3,3,4,2,3,3,3,3,2,2,1,2
480,7,4,4,4,2,4,3,3,2,3,3,1,2,1,2,2,1
481,4,2,2,2,3,1,2,1,2,1,1,1,2,2,1,1,0
482,6,3,4,3,2,4,3,2,3,1,1,1,2,0,2,2,2
483,4,2,3,2,2,1,2,2,2,1,0,1,0,3,1,0,1
484,7,3,4,3,2,5,3,4,1,3,3,2,3,1,1,2,1
485,7,5,4,5,3,4,3,4,2,3,3,2,2,1,2,3,2
486,6,4,3,2,2,4,3,1,3,2,2,2,1,2,2,1,1
487,4,2,2,2,3,2,2,1,2,1,2,1,1,2,1,1,1
488,6,4,4,4,2,3,4,1,3,2,2,1,1,2,2,3,1
489,7,5,4,4,3,4,3,4,2,2,3,1,3,2,2,2,0
490,7,4,3,4,3,4,3,3,2,3,3,1,2,2,2,1,1
491,4,2,3,2,2,2,2,2,1,0,2,1,1,2,1,1,1
492,5,2,2,2,3,1,2,2,2,1,1,2,1,2,2,0,0
493,6,4,4,2,2,3,4,1,3,1,1,2,1,2,2,1,1
494,7,4,3,4,3,4,4,4,3,2,2,2,3,2,2,2,1
495,7,5,4,4,4,5,4,4,1,3,2,2,4,1,2,2,1
496,5,4,4,3,3,3,2,3,2,3,2,2,3,2,2,2,1
497,5,5,4,4,4,2,2,3,2,3,3,2,3,3,3,2,2
498,8,5,4,4,3,4,3,3,3,3,2,3,2,1,3,2,0
499,4,3,2,2,2,1,1,2,3,1,2,2,1,2,0,1,0
500,5,3,3,2,3,1,1,2,2,1,2,1,1,2,1,1,1
501,5,2,3,1,3,2,2,2,2,0,1,2,2,2,1,0,1
502,5,3,4,3,2,4,4,0,4,3,2,2,2,2,2,3,1
503,6,4,3,4,4,3,2,3,2,2,3,3,3,2,1,2,2
504,4,2,2,3,2,1,2,2,2,1,1,1,0,2,2,0,1
505,6,4,3,4,4,3,2,3,2,3,2,2,3,3,2,0,2
506,4,2,3,2,4,2,1,2,1,0,1,1,1,1,1,2,2
507,6,4,3,4,4,3,2,4,3,3,3,4,3,2,3,1,2
508,6,4,4,3,5,2,2,3,2,3,2,3,2,4,3,0,1
509,6,4,3,3,2,3,3,1,3,1,2,2,2,2,2,2,1
510,7,4,5,3,2,4,4,2,3,3,1,3,2,1,1,1,2
511,6,4,4,3,2,3,3,0,3,3,1,2,2,2,2,2,0
512,6,4,3,4,4,4,3,3,2,2,3,3,3,2,2,1,2
513,7,5,4,3,3,5,4,4,2,3,4,2,3,1,3,3,1
514,5,4,5,4,4,3,4,3,2,4,3,2,2,2,3,2,2
515,5,3,4,4,4,3,2,4,2,4,3,2,3,2,2,1,1
516,6,4,4,3,3,4,3,1,2,2,2,1,1,2,2,2,1
517,6,5,3,3,3,3,2,0,4,2,1,2,1,2,2,2,1
518,7,3,4,3,2,3,4,1,3,1,2,2,1,2,2,2,0
519,6,5,4,4,4,4,2,4,2,3,3,3,3,2,3,1,1
520,8,5,4,3,2,4,3,3,2,3,2,2,2,1,2,3,2
521,7,4,2,3,3,5,3,3,2,2,3,2,3,2,2,2,1
522,5,5,4,4,5,3,1,4,2,3,3,3,3,2,2,1,2
523,4,2,3,2,3,2,2,2,2,1,2,1,0,1,1,1,1
524,5,3,2,3,2,1,2,2,3,0,1,0,0,1,1,1,0
525,6,4,5,4,4,3,3,3,1,2,2,2,3,2,2,2,2
526,5,2,3,2,3,2,3,2,2,1,3,0,1,1,2,1,1
527,5,2,2,2,3,2,2,2,2,1,2,2,2,2,1,1,0
528,7,4,4,3,3,2,3,1,3,2,2,1,1,2,2,2,1
529,6,5,3,4,4,4,3,3,3,3,3,4,2,2,2,1,2
530,8,5,3,4,4,3,4,3,3,3,2,1,2,2,2,1,0
531,5,5,4,4,3,3,2,4,1,3,3,2,4,1,2,2,3
532,4,1,2,1,3,3,2,2,1,1,1,1,1,2,2,0,1
533,4,3,3,2,2,1,2,2,2,0,1,2,1,2,1,1,1
534,6,5,4,4,5,3,3,3,2,3,2,3,4,3,2,2,1
535,7,3,4,3,2,4,4,0,4,2,2,3,1,1,2,3,1
536,4,2,2,1,3,0,1,0,2,1,1,1,1,2,2,1,1
537,7,4,3,4,3,3,3,1,3,2,1,2,2,2,1,1,2
538,6,5,4,4,3,4,3,3,2,2,3,1,1,1,2,3,2
539,6,4,5,4,4,3,2,4,2,4,2,4,2,2,3,1,1
540,6,5,3,3,3,5,3,3,2,3,2,2,2,1,2,2,2
541,5,4,4,3,4,4,3,3,2,3,2,3,2,3,2,0,1
542,7,5,3,3,3,5,4,4,2,3,2,2,2,1,2,2,2
543,6,5,4,4,5,2,2,3,1,2,2,3,3,3,2,2,1
544,5,4,2,1,3,1,1,2,2,1,2,1,1,2,1,0,-1
545,6,5,4,5,4,4,3,4,3,3,3,3,2,3,3,1,2
546,6,4,3,3,4,2,3,4,2,3,2,2,3,3,1,2,1
547,4,1,3,1,3,1,1,1,2,0,3,2,1,2,1,1,1
548,7,5,4,4,2,4,3,4,1,4,2,1,2,1,1,3,3
549,3,2,3,2,3,2,2,2,3,1,1,1,1,2,1,1,1
550,5,3,2,2,3,2,2,2,2,1,2,1,1,1,2,0,1
551,3,2,2,2,3,2,2,1,1,0,2,1,1,2,2,1,1
552,6,4,4,3,4,3,2,3,2,4,3,3,3,2,3,1,2
553,4,2,1,3,3,3,2,2,1,1,2,1,2,1,1,0,0
554,4,3,2,3,3,2,2,2,2,1,2,2,1,2,1,1,1
555,6,4,3,3,2,3,2,1,4,2,1,0,2,2,2,2,2
556,6,5,4,4,4,3,3,3,2,3,3,3,3,2,2,1,2
557,6,5,3,5,3,4,4,3,2,4,3,1,2,0,1,2,2
558,5,2,3,2,3,2,2,2,2,1,1,2,0,1,1,1,1
559,5,4,3,4,4,2,2,3,2,3,3,3,2,2,2,1,2
560,4,2,2,2,3,1,1,1,1,0,1,2,0,1,3,1,0
561,7,4,4,4,3,3,3,4,1,3,1,2,3,2,2,2,1
562,6,5,3,5,3,3,3,4,2,3,3,1,2,2,2,2,1
563,6,3,4,3,3,3,4,0,3,2,2,1,2,1,2,2,2
564,6,4,4,4,4,2,2,3,3,3,3,2,2,2,2,2,2
565,7,4,4,4,2,5,3,4,2,3,3,2,2,1,2,1,2
566,7,5,3,3,3,4,4,4,1,3,3,2,2,2,2,3,1
567,7,5,3,4,4,3,3,3,2,4,2,3,3,2,1,1,2
568,4,2,2,2,3,2,2,3,3,0,2,1,1,2,2,2,0
569,6,3,5,3,3,3,3,0,5,2,1,2,0,1,2,2,1
570,5,4,3,4,4,3,3,4,2,3,3,2,2,3,2,1,4
571,6,5,4,4,3,4,4,3,3,4,2,2,2,1,1,3,1
572,6,4,3,3,2,3,4,1,3,2,3,1,1,2,2,1,1
573,4,2,3,1,3,2,3,2,2,0,1,1,1,2,1,0,1
574,4,3,2,2,3,1,2,2,3,1,2,2,1,2,1,0,0
575,6,4,4,3,4,3,2,3,2,2,2,3,2,2,2,1,1
576,6,3,4,3,2,3,3,1,3,2,1,2,2,2,2,2,2
577,6,5,3,3,1,4,3,1,4,2,1,2,3,2,2,3,1
578,6,5,4,3,4,3,2,3,2,3,3,3,4,3,2,1,1
579,6,4,4,3,4,3,2,3,3,4,3,3,3,3,2,2,3
580,5,2,1,2,4,1,2,1,2,1,2,2,0,2,0,1,1
581,5,2,1,2,3,1,2,1,2,1,2,1,0,1,2,0,1
582,6,4,4,5,4,4,3,4,2,3,2,2,3,2,1,2,2
583,4,3,2,2,2,2,1,1,1,1,1,1,0,3,0,2,1
584,7,3,4,3,3,3,3,2,3,3,1,2,3,2,2,2,2
585,6,4,3,4,4,2,3,3,3,3,3,3,3,2,2,2,2
586,5,3,3,3,2,4,4,1,3,2,1,2,1,3,2,2,2
587,6,3,4,4,3,3,2,3,2,3,3,3,3,2,2,1,2
588,8,5,4,4,2,4,4,3,1,3,3,2,3,1,2,2,1
589,7,5,4,4,3,5,4,3,3,3,2,2,2,1,2,2,2
590,4,3,2,2,3,2,2,2,2,1,1,2,0,1,1,1,1
591,4,3,2,3,3,2,2,1,1,1,1,1,0,2,1,1,2
592,4,2,2,3,3,1,2,3,2,0,2,3,1,2,1,2,1
593,7,4,3,4,3,4,3,4,2,3,2,2,3,2,2,2,1
594,5,4,3,3,5,3,2,3,2,3,3,3,2,2,2,1,1
595,7,5,4,3,2,3,3,3,1,3,2,2,3,1,2,2,2
596,4,2,2,3,4,2,2,2,2,1,2,1,1,2,1,1,1
597,5,4,4,4,5,3,4,3,3,3,2,3,3,2,2,0,1
598,5,5,4,3,5,3,2,3,2,4,3,3,4,2,2,2,1
599,7,5,4,3,5,3,2,5,2,3,4,3,2,2,2,1,2
600,5,3,1,1,2,3,2,1,2,1,1,1,0,2,1,0,0
601,4,5,3,4,4,3,2,3,2,4,2,2,3,3,2,1,1
602,5,2,3,3,2,2,2,1,3,1,2,2,1,1,2,1,0
603,7,5,3,4,3,3,4,3,3,3,3,1,4,1,2,3,1
604,5,5,4,4,4,3,3,4,2,3,4,3,3,2,2,1,2
605,6,3,4,3,2,3,3,1,4,2,1,2,2,1,2,2,2
606,6,5,4,3,5,3,2,3,2,3,3,3,2,2,1,2,2
607,7,5,4,4,3,4,4,3,2,3,2,2,3,1,2,1,0
608,6,5,4,4,4,4,1,3,2,3,2,3,3,2,2,1,2
609,5,2,3,1,2,2,2,1,2,0,0,1,1,1,2,1,1
610,5,3,3,3,3,2,3,2,2,0,1,1,0,1,1,1,0
611,8,5,3,4,2,4,4,3,2,3,2,2,3,2,1,0,1
612,4,2,2,2,3,1,2,2,1,1,2,2,1,1,2,1,1
613,6,3,4,4,3,2,3,1,3,1,2,2,2,2,1,1,1
614,5,2,3,2,3,1,2,3,2,1,2,1,1,2,1,0,1
615,5,3,3,3,3,3,4,1,3,2,1,2,1,1,2,2,2
616,6,4,4,3,5,2,2,3,2,3,4,3,3,2,3,1,1
617,4,2,1,2,3,1,1,3,2,1,1,1,1,1,1,0,0
618,7,5,4,4,3,5,3,3,2,3,3,1,2,2,1,2,1
619,5,2,2,2,3,2,2,2,2,1,1,2,1,0,1,1,1
620,6,4,3,3,2,3,3,1,3,2,2,2,1,1,3,2,2
621,6,3,3,4,3,4,3,1,3,2,2,1,1,2,2,3,1
622,4,1,4,3,3,1,2,1,2,1,3,2,1,2,2,1,1
623,4,3,1,2,2,2,3,2,2,1,2,1,1,3,1,0,1
624,4,2,2,2,3,1,3,2,2,1,1,1,1,2,1,1,2
625,6,5,3,3,5,3,3,2,2,3,3,2,3,3,2,1,2
626,8,5,4,5,3,4,3,4,2,3,3,1,2,0,2,1,1
627,5,3,2,2,3,1,3,2,3,0,2,1,1,2,1,1,0
628,5,4,3,4,2,3,4,1,3,1,1,1,2,1,2,3,2
629,6,3,4,3,4,3,2,4,2,3,4,3,2,3,2,1,2
630,7,4,4,4,3,4,4,4,2,3,3,2,2,2,1,3,1
631,7,3,3,4,2,3,2,1,3,2,1,3,2,1,2,3,1
632,6,4,4,3,4,3,3,3,1,4,2,3,3,3,1,1,1
633,6,4,3,4,3,4,3,1,3,2,1,2,2,1,2,2,1
634,6,4,3,4,3,3,4,1,3,3,1,1,2,1,2,1,1
635,6,4,4,4,5,2,3,3,2,3,3,4,2,2,1,1,2
636,7,4,3,4,3,5,4,3,2,3,2,2,2,1,2,2,0
637,7,4,4,4,2,4,4,5,3,2,3,2,2,2,1,2,2
638,7,5,4,3,3,4,3,2,3,3,3,1,3,2,1,2,1
639,6,5,3,4,3,4,2,3,2,4,2,2,4,2,3,1,2
640,5,4,5,4,5,3,2,3,2,3,2,3,2,3,2,2,1
641,4,2,3,2,3,2,2,2,2,1,1,1,1,2,1,1,0
642,7,5,3,4,3,5,3,3,2,2,2,1,2,1,2,2,1
643,6,4,3,4,3,3,3,0,3,2,2,2,2,2,2,3,1
644,4,3,3,2,4,1,3,2,1,1,2,2,0,2,1,1,1
645,6,3,4,3,2,3,3,1,3,2,2,2,1,2,1,2,1
646,6,3,4,3,3,3,5,1,3,2,1,2,2,1,1,2,1
647,6,4,4,3,2,2,3,1,3,2,2,2,1,2,1,2,2
648,6,4,5,3,2,3,4,2,3,2,2,1,2,2,1,2,2
649,6,4,3,3,2,3,4,1,3,2,2,2,1,1,2,2,2
650,5,2,2,2,3,3,2,1,3,1,1,2,1,2,1,0,1
651,7,4,4,3,3,3,3,2,3,2,2,1,2,2,2,2,2
652,7,6,4,4,5,2,2,3,3,4,2,3,3,3,3,2,3
653,6,4,5,3,3,2,3,1,3,3,1,2,2,1,1,1,1
654,6,5,4,4,4,3,2,3,2,3,3,2,3,2,2,1,2
655,8,4,3,3,3,4,4,3,2,3,2,2,3,1,2,3,0
656,6,5,4,4,5,3,2,3,2,3,3,2,2,2,1,1,2
657,7,4,4,3,2,3,4,1,3,1,2,2,0,1,2,1,1
658,6,4,3,4,3,3,3,1,4,2,2,1,2,2,2,2,2
659,5,5,5,4,5,4,3,4,3,4,3,3,3,4,2,1,2
660,8,4,3,3,3,4,4,3,2,4,2,2,2,2,2,2,1
661,4,2,2,2,3,1,2,2,2,1,2,2,1,1,0,1,1
662,5,4,3,4,4,3,3,3,3,4,3,3,4,3,2,1,2
663,5,4,4,4,5,3,1,3,2,3,3,2,2,2,2,1,2
664,5,2,2,2,3,1,2,2,2,1,1,1,1,2,2,0,1
665,5,2,2,3,3,1,2,1,2,1,2,2,0,2,1,1,0
666,5,2,2,3,2,1,2,1,2,1,2,1,1,2,1,2,2
667,5,3,4,3,2,3,4,1,3,2,2,2,2,2,2,2,2
668,4,3,2,2,3,1,2,2,2,1,1,2,1,2,1,0,1
669,7,5,4,5,4,4,4,4,2,3,3,2,2,2,2,3,0
670,7,4,4,3,3,4,4,3,2,3,2,2,3,1,3,2,1
671,4,2,3,1,3,2,1,1,2,0,1,2,1,2,1,2,0
672,7,5,4,4,2,3,3,4,2,3,3,2,1,2,2,2,2
673,8,5,5,4,3,4,4,4,2,3,2,1,3,1,2,2,1
674,5,3,2,3,4,1,1,1,2,0,2,2,1,2,1,1,1
675,8,6,2,4,3,4,3,3,2,3,3,1,2,1,2,1,0
676,7,5,4,3,3,5,3,4,1,3,3,1,2,2,2,3,1
677,7,4,4,3,2,3,3,1,3,2,1,1,2,2,2,2,2
678,7,3,4,3,3,4,3,0,3,1,1,1,1,2,2,2,2
679,7,4,4,2,2,4,3,1,3,3,1,2,2,2,2,2,2
680,5,4,4,4,4,3,3,4,1,4,3,2,3,2,2,1,3
681,6,4,4,4,3,4,2,3,3,3,2,3,3,3,3,1,2
682,6,5,3,3,4,3,3,3,2,3,3,3,4,3,2,1,2
683,6,3,5,3,3,3,3,1,3,2,1,1,1,2,2,2,2
684,6,4,3,4,2,4,4,3,2,2,2,1,3,1,1,2,0
685,7,5,4,4,3,5,3,3,2,4,3,3,2,2,3,1,1
686,5,4,5,4,5,4,3,3,3,4,3,2,3,3,2,2,1
687,5,3,2,2,3,1,2,1,2,0,1,1,1,1,1,1,0
688,6,5,4,4,4,2,2,4,2,4,2,2,3,2,3,0,1
689,6,4,4,4,3,3,4,0,4,2,1,2,2,2,2,1,2
690,5,2,2,2,5,1,2,1,3,1,1,1,1,2,1,1,1
691,8,4,3,5,3,4,3,4,2,3,3,1,1,3,3,3,1
692,6,5,3,4,4,3,1,4,2,3,2,3,3,2,2,2,1
693,6,5,4,4,4,3,3,3,2,4,2,3,2,2,2,1,2
694,7,5,4,3,3,4,4,3,2,3,2,2,3,1,2,2,1
695,6,3,4,3,2,3,3,1,2,2,2,2,1,1,3,2,2
696,7,4,4,4,2,5,3,4,1,3,2,2,2,1,1,3,0
697,7,3,4,4,3,4,3,0,4,2,2,2,1,1,2,2,2
698,5,5,4,3,4,4,2,4,2,3,3,3,2,3,3,1,2
699,4,2,3,3,3,1,2,2,1,1,1,2,0,2,1,2,1
700,7,5,4,3,3,3,4,3,2,3,2,2,3,2,2,1,2
701,6,3,4,3,2,4,4,1,3,2,1,2,1,1,1,2,1
702,6,3,4,4,2,3,3,1,2,2,2,1,1,1,2,2,1
703,4,3,2,1,3,2,3,3,3,0,2,2,0,2,2,1,1
704,6,5,3,4,5,3,2,4,2,2,3,3,3,2,2,1,2
705,4,2,2,2,3,2,2,2,2,1,2,1,2,1,1,1,1
706,7,4,3,3,3,4,3,3,2,3,4,1,2,2,2,3,2
707,7,5,4,3,3,4,3,4,2,3,2,2,3,2,2,2,1
708,7,4,3,4,2,3,4,1,3,1,1,2,1,2,2,2,2
709,7,4,4,3,3,5,4,3,3,3,2,2,2,1,2,2,1
710,6,4,3,3,4,3,2,3,1,3,3,3,2,3,2,1,2
711,5,3,4,4,2,4,3,0,4,2,2,2,2,1,2,2,1
712,6,4,3,4,4,3,3,4,3,3,3,3,3,2,1,2,2
713,4,2,2,2,4,2,2,2,1,1,0,1,2,2,0,1,1
714,5,5,5,3,4,4,2,3,2,3,2,4,3,3,1,2,1
715,4,2,2,2,2,2,3,3,2,1,1,1,0,2,1,1,1
716,6,4,4,4,4,3,3,3,2,3,2,2,3,2,2,1,2
717,5,4,4,3,3,3,3,1,4,2,2,2,2,2,1,2,1
718,5,4,3,4,4,3,2,4,2,4,3,4,2,2,2,0,1
719,6,3,4,3,4,3,2,4,1,3,2,3,3,2,2,1,2
720,6,4,4,5,4,3,2,4,2,3,2,3,3,3,2,1,2
721,7,5,3,4,4,4,3,3,2,3,2,2,2,1,2,3,1
722,5,3,4,2,2,4,3,1,3,1,1,2,0,1,2,1,2
723,6,3,3,3,3,3,4,1,3,2,1,2,2,1,2,2,1
724,7,4,3,5,3,4,4,3,3,3,2,2,2,1,2,2,1
725,4,2,2,2,3,1,2,1,2,1,1,2,1,2,1,1,-1
726,4,3,3,2,3,2,2,1,2,0,1,1,1,2,1,0,1
727,4,3,1,2,2,1,3,1,2,1,2,1,1,2,2,1,2
728,8,5,3,3,3,4,4,4,2,3,3,1,2,1,1,3,1
729,6,5,3,4,3,4,4,2,2,3,3,2,2,1,2,3,1
730,7,5,3,3,3,3,4,3,2,3,2,2,2,2,2,2,1
731,5,4,4,4,4,3,3,3,2,3,2,3,2,3,1,1,2
732,6,4,3,3,4,4,2,3,2,3,2,3,4,3,3,1,3
733,3,3,2,3,3,2,2,3,1,1,1,1,1,1,0,0,0
734,7,4,4,3,3,3,3,1,2,2,1,2,2,2,2,2,2
735,5,4,4,3,3,3,3,1,3,1,1,2,2,2,2,2,1
736,8,5,3,4,2,5,3,3,3,3,3,2,2,2,1,1,1
737,8,5,3,3,2,4,4,3,2,4,4,1,3,2,2,2,1
738,5,5,4,4,4,2,3,3,2,3,3,3,3,2,2,1,2
739,4,2,2,2,2,1,2,2,2,0,1,2,2,2,1,1,1
740,5,4,4,4,4,4,2,3,2,3,3,2,3,3,2,1,2
741,4,3,2,2,4,2,2,1,2,0,0,1,1,2,1,1,0
742,3,3,3,2,2,2,1,2,2,1,1,2,2,1,2,0,1
743,7,5,3,4,3,4,3,3,2,3,3,2,2,2,3,2,1
744,7,4,4,4,3,4,4,4,2,4,3,2,2,1,3,2,1
745,6,5,4,4,5,3,2,3,2,4,3,2,3,3,3,1,1
746,6,5,4,4,4,4,3,3,2,3,2,3,2,2,2,2,1
747,4,3,3,1,3,1,2,2,1,0,1,2,0,1,1,1,1
748,6,4,4,3,3,4,2,3,2,3,2,3,3,2,2,2,2
749,5,2,2,2,3,2,2,1,1,1,1,2,1,2,2,2,1
750,7,5,4,4,3,5,4,3,2,3,2,2,2,2,2,2,1
751,5,3,3,2,4,2,2,2,2,0,1,1,0,2,1,1,0
752,5,5,4,4,3,3,3,3,2,3,2,3,3,2,3,1,2
753,4,1,3,2,3,2,2,3,2,1,2,1,1,2,1,0,0
754,7,3,5,3,2,4,4,1,3,2,2,1,2,1,1,2,2
755,5,2,2,2,2,2,1,2,3,1,2,1,1,2,1,0,1
756,6,5,4,4,5,4,2,4,2,3,3,2,3,3,3,1,2
757,5,3,2,2,2,1,2,1,2,0,1,2,1,2,1,0,0
758,4,3,1,2,3,2,2,2,2,1,1,2,1,1,1,0,1
759,8,4,4,4,2,5,5,3,2,4,3,2,1,1,2,2,1
760,7,5,4,4,3,4,5,4,2,3,3,2,2,1,1,2,2
761,6,4,4,4,3,3,2,4,2,3,3,2,2,2,2,1,2
762,7,6,4,4,4,4,3,3,1,4,2,1,2,1,2,2,1
763,6,3,3,3,2,3,4,1,3,2,2,2,2,2,1,2,1
764,7,5,4,4,3,4,3,3,2,4,2,1,2,1,2,2,1
765,6,4,4,3,4,3,2,3,2,3,2,3,2,3,3,1,3
766,3,4,2,2,3,2,2,2,1,1,2,1,1,3,1,1,1
767,8,4,3,4,2,4,4,3,3,3,2,1,2,1,3,2,2
768,5,2,3,2,2,2,2,1,2,1,2,1,3,1,2,1,1
769,6,5,4,3,3,4,3,4,2,3,3,1,2,2,2,2,0
770,4,3,2,2,4,1,2,2,2,0,2,2,0,2,1,1,0
771,3,2,2,3,3,2,2,2,2,0,2,3,2,2,1,1,1
772,7,4,3,4,3,4,4,3,2,3,2,1,2,2,2,3,1
773,8,6,3,3,3,5,3,3,3,2,3,3,2,2,2,2,1
774,7,5,4,4,3,4,3,4,2,3,2,2,2,2,2,3,1
775,7,4,4,3,3,4,4,4,2,2,3,2,2,2,2,2,1
776,6,5,3,4,4,3,2,4,2,4,3,3,2,2,2,1,2
777,4,3,2,2,2,2,2,1,2,0,0,2,0,1,2,0,1
778,5,4,3,3,3,4,3,3,2,3,3,3,3,2,1,1,1
779,6,3,5,4,2,4,4,0,3,2,2,1,1,2,2,3,1
780,7,5,4,4,4,4,3,4,3,2,2,2,2,1,1,2,1
781,6,4,4,4,5,3,2,4,3,3,2,3,3,3,2,1,1
782,6,4,4,3,4,4,2,4,2,4,3,3,2,2,1,2,2
783,6,4,3,3,2,3,4,1,3,2,2,2,1,1,2,2,1
784,6,5,4,4,5,3,3,4,2,3,3,4,2,3,2,1,2
785,6,3,4,3,3,3,3,0,3,1,1,1,2,2,2,3,2
786,5,5,4,3,4,3,3,3,1,3,2,3,3,2,2,1,3
787,4,2,2,2,3,1,3,2,2,1,2,2,0,2,2,1,1
788,6,5,5,4,4,2,1,4,2,3,3,3,3,2,2,1,3
789,6,3,5,3,2,3,5,1,2,2,1,2,1,2,1,2,2
790,4,2,2,2,3,1,2,2,2,0,1,2,1,3,2,1,1
791,6,3,4,3,2,4,3,2,3,3,1,2,1,1,2,2,1
792,4,3,2,1,2,2,2,1,3,1,1,1,1,2,1,1,1
793,5,4,4,4,5,2,3,4,3,3,3,3,3,1,2,2,1
794,4,3,2,2,3,2,3,1,2,1,1,3,0,3,1,1,1
795,4,3,2,2,3,2,2,1,3,1,1,1,1,2,2,2,1
796,5,5,4,4,4,3,2,3,3,3,2,3,2,3,2,2,1
797,6,5,4,3,4,4,3,5,2,2,3,2,3,3,2,2,2
798,5,5,4,5,4,3,2,4,2,2,2,3,3,3,2,1,1
799,4,3,2,2,3,2,2,1,2,0,2,1,0,2,1,1,1
800,5,2,2,2,3,2,3,2,1,0,1,1,1,2,1,1,1
801,6,5,4,3,4,2,2,3,2,3,3,2,3,2,2,1,2
802,5,3,1,3,3,0,2,1,3,-1,2,2,0,3,0,1,0
803,4,2,2,2,4,1,2,1,2,1,2,1,1,2,1,0,1
804,6,3,4,3,2,3,4,2,3,2,2,1,3,1,1,2,1
805,4,2,3,1,4,2,2,2,3,1,2,2,1,2,1,1,0
806,7,4,4,3,1,4,3,0,4,2,1,3,1,0,3,1,2
807,6,4,3,4,4,3,2,4,2,3,2,3,4,3,3,1,2
808,7,5,4,5,3,4,3,4,2,3,2,1,3,2,2,2,1
809,6,4,4,5,3,4,3,4,2,4,2,2,3,1,2,1,1
810,6,5,4,4,3,3,3,4,1,3,3,3,4,3,2,2,2
811,6,5,4,3,4,4,3,4,3,4,2,3,3,1,2,1,2
812,6,5,4,3,4,2,2,4,2,3,3,3,3,2,2,1,2
813,6,4,3,3,4,3,3,3,2,2,3,3,2,3,2,2,2
814,4,2,3,2,2,2,2,1,1,0,1,1,0,2,1,2,0
815,3,2,2,2,3,1,2,2,2,1,0,2,0,1,1,0,0
816,5,5,4,4,4,3,2,2,2,3,3,3,3,2,2,3,2
817,7,5,3,4,3,4,3,3,1,2,3,2,2,2,2,2,2
818,6,5,3,4,3,4,4,4,2,3,3,3,2,1,2,1,1
819,6,5,4,5,2,4,4,4,2,3,2,2,2,2,2,2,1
820,6,3,3,3,2,3,4,1,3,2,2,1,2,2,1,2,1
821,6,3,3,4,3,3,4,1,3,2,2,2,2,2,2,3,2
822,7,6,4,3,5,3,2,3,3,3,2,3,2,3,2,1,2
823,7,5,3,4,2,4,3,3,1,2,2,2,2,0,2,2,2
824,7,4,4,3,4,4,3,4,2,3,3,2,2,1,3,2,1
825,5,4,3,4,4,3,2,3,1,4,3,3,3,2,2,1,1
826,6,3,4,4,3,3,3,0,3,2,0,3,1,2,2,2,1
827,7,4,3,4,3,3,3,3,3,3,3,3,2,3,2,1,2
828,4,2,3,2,3,2,2,2,1,0,2,1,2,3,1,0,-1
829,4,2,3,3,2,1,2,2,2,1,2,0,1,2,1,2,1
830,7,5,4,3,3,5,4,3,1,3,3,2,2,2,3,1,1
831,6,4,4,3,3,3,3,1,4,1,2,2,2,0,1,2,1
832,4,2,1,2,3,2,2,1,2,0,1,2,1,1,1,0,1
833,8,5,4,4,2,4,3,4,1,3,1,1,2,2,1,2,1
834,7,5,5,3,4,3,2,3,2,4,2,2,2,2,1,1,2
835,5,3,3,1,3,1,2,1,3,1,2,1,1,2,2,0,0
836,6,5,4,4,4,4,2,3,2,3,3,3,3,3,1,0,1
837,6,3,3,3,2,3,3,1,3,2,2,2,1,2,3,2,1
838,4,2,2,2,4,2,1,2,2,2,1,1,1,2,1,2,-1
839,5,4,5,4,5,3,3,3,1,2,3,2,4,2,2,1,2
840,6,4,4,3,2,3,4,0,3,2,2,2,2,2,2,2,2
841,7,4,3,2,4,3,4,3,2,2,3,2,3,1,2,3,1
842,6,5,4,4,4,4,2,3,3,4,2,2,3,3,2,1,2
843,4,2,2,2,3,1,2,1,2,1,2,1,1,1,1,1,1
844,5,2,3,2,3,1,1,1,2,0,2,1,1,1,1,1,2
845,8,4,3,4,2,5,4,4,2,3,3,2,3,1,2,3,1
846,8,4,4,3,3,4,4,3,3,4,3,1,2,1,2,1,1
847,6,4,4,3,3,3,2,4,2,2,3,3,2,2,2,1,2
848,7,4,4,4,2,4,3,4,2,3,2,3,3,2,2,2,0
849,5,3,4,4,2,4,3,1,4,2,2,2,2,2,2,2,1
850,4,2,2,2,3,2,2,2,2,1,1,1,1,2,2,1,1
851,6,4,3,4,4,3,2,3,3,3,3,3,2,3,2,2,1
852,6,3,4,3,2,4,4,1,3,2,1,2,1,2,2,3,1
853,8,4,4,2,3,4,4,3,2,3,3,1,3,1,2,2,2
854,6,3,4,3,2,4,4,1,3,2,2,1,2,1,2,2,1
855,7,4,4,4,2,3,3,1,2,2,1,2,2,1,2,3,2
856,6,4,4,4,3,3,4,1,3,2,2,2,2,1,1,2,2
857,8,4,4,3,3,4,3,3,3,4,3,2,2,1,1,1,2
858,4,2,2,3,2,2,2,0,2,0,1,2,0,2,1,1,1
859,6,4,4,3,3,3,3,1,4,2,1,2,2,2,2,2,1
860,5,2,2,2,3,2,3,2,2,0,2,2,0,1,0,1,1
861,7,5,4,4,3,4,4,4,3,2,2,1,3,1,2,2,1
862,5,3,2,3,3,2,2,2,2,0,2,1,1,2,2,1,1
863,6,4,3,4,4,3,3,3,2,4,3,2,3,3,2,1,2
864,6,5,4,4,4,4,2,4,3,4,3,4,4,2,2,2,2
865,6,4,4,4,4,2,2,4,2,3,2,3,2,2,2,2,2
866,4,3,2,2,3,2,1,1,3,0,2,1,1,1,1,1,0
867,6,4,3,2,2,4,4,1,3,2,1,2,0,2,1,2,0
868,5,2,2,2,2,2,2,2,1,1,1,1,1,2,1,1,-1
869,6,5,3,4,5,3,3,3,3,3,3,3,3,3,2,1,2
870,6,4,4,3,4,3,3,3,1,3,3,3,2,3,1,1,1
871,6,3,3,3,2,4,2,1,2,1,1,2,2,2,2,2,0
872,6,3,4,3,3,3,3,0,4,1,1,2,2,1,2,2,1
873,7,4,3,4,5,3,2,3,2,3,3,3,2,3,3,1,2
874,6,3,4,3,3,3,3,1,3,2,2,2,1,1,2,3,2
875,4,3,3,2,3,2,2,2,3,1,2,2,1,1,2,0,1
876,5,5,3,3,4,3,2,3,2,3,2,3,3,3,2,2,2
877,5,4,3,4,3,4,3,4,1,3,3,3,2,2,2,1,2
878,5,3,4,3,2,3,3,1,3,1,1,2,2,1,1,2,1
879,5,4,4,4,3,4,2,4,3,3,2,2,3,2,3,1,2
880,6,4,4,3,4,3,2,3,2,3,2,3,2,3,2,1,2
881,5,5,5,4,3,3,2,3,2,3,3,2,3,2,2,1,2
882,7,5,4,4,3,4,3,4,3,3,3,2,2,1,1,2,0
883,6,5,4,3,5,3,2,4,2,3,3,3,3,3,1,1,2
884,7,5,3,4,3,4,4,4,2,3,3,2,2,1,2,2,2
885,7,4,4,4,3,3,4,1,3,2,2,1,2,1,2,2,2
886,7,5,5,4,3,4,3,3,2,3,2,2,2,1,2,1,2
887,7,5,4,4,4,4,4,3,2,3,3,1,2,1,2,1,0
888,4,2,3,2,3,1,2,2,1,1,1,1,1,1,1,1,0
889,6,2,4,3,2,3,3,0,3,2,1,2,1,1,3,2,1
890,4,0,2,3,3,2,2,2,2,1,2,2,1,2,1,1,0
891,7,3,4,3,2,3,4,1,3,2,1,2,2,2,2,2,1
892,6,3,5,3,2,3,4,1,3,3,1,2,1,2,2,1,3
893,4,2,2,2,3,1,1,1,3,1,1,2,1,2,1,1,0
894,6,3,2,3,3,2,2,1,2,1,1,2,1,1,2,1,1
895,7,5,3,4,2,4,4,5,1,3,3,2,2,2,2,2,1
896,8,4,4,4,3,5,3,3,2,3,3,2,2,1,2,2,2
897,6,5,4,4,3,2,3,4,2,3,3,3,3,3,1,2,1
898,5,2,3,2,3,2,2,2,1,1,1,1,2,2,1,1,2
899,7,4,4,5,5,3,3,4,2,3,3,2,3,2,2,1,2
900,7,5,4,4,3,4,4,4,2,4,2,1,2,1,2,2,1
901,6,5,4,3,2,4,3,3,3,3,2,1,1,1,2,2,2
902,4,1,2,2,3,1,2,2,1,2,2,1,3,2,1,0,0
903,8,5,3,5,3,5,2,4,2,3,2,1,3,2,2,2,1
904,5,3,1,2,3,0,2,2,2,0,2,1,1,1,3,1,1
905,5,2,2,2,2,2,1,1,3,1,2,1,2,2,1,1,2
906,5,5,4,4,3,3,3,4,2,3,3,3,3,3,2,2,2
907,4,2,3,2,3,2,2,2,3,1,0,2,1,1,2,1,1
908,6,4,4,3,3,3,4,1,3,2,1,1,1,2,2,1,1
909,4,2,1,3,2,1,1,2,3,0,2,2,1,2,1,0,1
910,6,4,5,4,4,4,3,4,2,3,2,2,2,2,2,2,1
911,7,4,3,3,4,2,3,3,2,3,2,2,3,2,2,3,1
912,4,3,1,1,3,2,2,1,1,1,0,2,1,2,1,1,0
913,7,4,3,4,2,5,3,3,2,2,2,2,2,2,2,2,1
914,7,4,4,4,2,4,4,4,3,4,2,2,2,2,2,2,0
915,5,4,5,4,4,2,3,3,2,3,3,3,3,2,3,2,2
916,7,4,4,4,3,5,3,3,2,4,4,2,2,2,1,2,1
917,5,2,2,2,2,2,2,2,1,0,2,1,2,2,2,1,1
918,5,5,3,4,5,4,2,4,2,3,3,3,3,2,3,2,2
919,6,5,3,4,4,3,4,3,2,3,3,3,3,2,2,1,2
920,5,2,3,2,4,2,2,2,2,0,1,1,1,1,2,0,0
921,7,5,4,4,3,4,4,3,2,4,3,2,1,2,2,1,2
922,6,5,4,4,4,4,3,4,2,3,2,2,2,3,2,2,2
923,5,2,2,3,3,2,2,1,2,0,1,1,0,3,1,0,0
924,5,6,5,4,4,3,3,3,2,3,2,3,3,3,2,2,2
925,6,4,4,4,5,3,3,2,3,3,2,3,3,2,3,1,2
926,6,4,3,3,2,3,4,2,3,2,2,2,1,2,2,3,1
927,5,3,3,2,2,2,2,1,2,0,1,2,1,2,2,1,1
928,8,5,4,4,4,4,4,4,2,3,3,1,2,2,1,1,1
929,6,4,5,3,5,2,2,4,2,3,2,2,2,3,2,2,3
930,6,5,4,4,3,4,3,3,2,2,3,2,2,2,2,2,1
931,4,1,3,2,3,1,3,1,3,0,2,1,0,2,1,0,1
932,5,6,4,4,4,3,3,4,3,3,3,3,4,3,2,2,1
933,6,4,3,3,2,3,4,0,3,1,2,1,1,2,2,3,0
934,6,5,4,4,4,3,2,2,2,4,4,4,4,2,3,2,1
935,6,2,2,3,3,2,2,1,2,1,2,1,1,2,1,1,0
936,4,3,2,2,2,1,3,1,2,2,1,2,1,2,2,0,1
937,6,5,3,4,2,4,3,4,2,4,3,2,3,2,1,2,1
938,3,2,2,2,3,2,2,2,2,1,2,1,0,2,2,1,1
939,8,4,3,4,3,4,4,3,1,2,3,1,2,1,2,2,0
940,6,4,3,2,2,3,3,0,3,2,1,2,2,1,2,1,2
941,7,5,4,4,2,4,4,3,1,3,3,1,3,2,2,2,0
942,7,5,3,3,4,4,4,4,2,4,4,1,2,1,3,2,1
943,8,4,3,4,2,5,3,3,1,3,2,3,2,1,2,3,1
944,5,5,4,4,5,3,2,4,2,4,2,2,3,3,3,1,0
945,6,5,3,4,3,4,3,4,2,3,3,2,2,2,1,2,1
946,5,2,2,3,3,0,2,1,2,0,2,2,1,1,1,1,1
947,5,5,4,4,3,3,2,3,2,3,3,3,4,3,3,2,2
948,6,3,4,3,3,3,3,1,3,2,2,2,2,1,1,2,1
949,7,3,4,3,2,3,3,1,3,2,2,2,2,2,1,2,2
950,6,4,4,4,3,3,4,1,2,2,1,2,2,1,1,2,1
951,7,4,4,4,2,4,4,4,1,4,3,2,2,2,3,1,1
952,4,2,2,2,3,2,1,2,1,1,1,1,1,1,1,1,1
953,5,5,3,4,4,3,3,4,2,3,2,2,3,3,1,1,3
954,6,3,3,3,3,4,3,1,3,2,1,2,1,1,2,1,2
955,4,2,2,2,3,2,2,1,2,1,2,2,0,2,1,1,1
956,8,4,4,4,2,4,4,3,2,3,3,2,2,1,1,2,1
957,7,5,3,3,3,4,3,3,2,3,3,3,2,1,1,3,1
958,7,4,3,5,3,4,4,3,2,2,2,2,2,2,2,3,2
959,8,5,3,5,2,4,3,3,2,3,2,2,2,1,2,2,1
960,4,3,2,2,2,2,2,1,2,0,1,2,2,2,1,1,1
961,4,3,2,2,3,2,2,2,2,1,2,2,1,2,1,1,0
962,7,4,4,4,1,3,2,1,3,2,1,2,3,2,2,2,2
963,8,4,4,3,2,5,4,2,3,3,2,2,2,3,2,2,1
964,6,3,4,4,2,3,3,1,2,2,2,2,1,2,2,2,1
965,6,5,2,4,4,3,3,3,2,2,2,3,3,3,2,2,2
966,6,5,4,4,3,4,4,3,1,3,2,2,2,2,1,2,1
967,4,2,1,3,3,2,2,1,3,1,0,2,1,2,1,0,0
968,8,5,4,4,3,4,4,3,2,3,3,2,2,2,2,2,1
969,7,4,4,3,2,3,3,0,3,2,1,3,2,2,2,2,1
970,7,4,3,4,2,4,4,4,2,4,3,3,2,1,1,1,1
971,7,3,4,4,2,3,4,2,3,2,1,3,1,1,2,2,1
972,6,3,3,3,3,3,3,0,4,3,1,2,0,2,2,1,1
973,4,3,3,2,4,1,2,1,2,1,2,2,2,2,1,1,0
974,6,5,3,3,4,3,2,4,2,4,3,3,3,2,2,1,2
975,5,4,3,4,4,2,3,4,2,3,3,3,3,2,2,1,1
976,6,5,5,5,3,2,2,3,2,4,3,3,2,3,1,2,1
977,6,3,4,4,2,3,2,1,3,2,2,2,1,2,1,1,1
978,7,5,4,4,2,5,3,2,2,3,3,3,2,2,2,2,1
979,6,3,3,3,2,3,4,0,4,3,2,2,1,2,2,2,1
980,7,4,3,3,2,4,4,3,1,3,3,2,1,0,1,1,1
981,4,3,3,3,3,2,2,1,3,1,2,1,2,1,2,1,1
982,6,4,5,5,5,3,2,3,2,2,4,2,3,2,2,1,2
983,5,2,2,2,3,1,2,2,2,1,1,3,1,2,2,1,2
984,4,2,3,2,2,1,2,1,1,0,1,2,1,2,1,1,1
985,6,3,4,3,3,2,3,1,3,2,2,2,2,1,1,2,1
986,5,3,4,3,2,4,4,1,3,0,2,2,1,2,2,2,1
987,6,5,4,4,4,3,2,3,2,3,2,3,2,2,1,1,3
988,4,2,2,3,3,1,2,1,1,1,1,1,1,2,2,0,1
989,6,4,4,4,5,3,2,3,2,3,3,4,3,3,2,1,2
990,6,4,5,4,5,3,2,3,2,2,3,2,2,2,2,1,2
991,4,2,3,3,2,3,2,2,2,0,1,2,1,2,1,0,1
992,7,3,3,3,2,3,3,1,3,2,1,2,1,2,1,2,3
993,6,3,4,3,3,3,4,-1,4,2,2,2,2,1,1,2,2
994,6,4,3,3,2,2,3,1,3,2,2,2,1,2,2,3,1
995,7,5,3,4,3,4,4,3,2,3,3,2,2,1,1,2,1
996,5,5,4,4,3,3,3,3,2,3,2,2,3,3,3,2,2
997,8,5,3,4,2,4,4,3,2,3,3,2,3,1,2,2,1
998,6,4,3,4,4,3,2,3,2,4,3,3,3,2,2,1,2
999,6,5,5,4,4,4,2,3,1,3,2,3,3,3,2,1,2
1000,4,3,3,2,3,1,2,2,1,1,2,2,1,1,2,1,0
1001,5,5,4,4,4,3,2,3,1,3,2,3,2,2,2,2,2
1002,7,4,4,4,2,5,3,4,1,4,2,2,2,2,3,2,2
1003,4,1,2,2,3,2,2,2,2,1,2,2,2,2,1,1,1
1004,6,4,4,3,2,2,3,1,3,2,2,2,2,1,1,1,1
1005,7,3,3,3,2,3,3,0,2,2,2,2,2,2,2,2,1
1006,4,3,2,2,3,1,4,2,2,1,2,1,1,2,1,0,1
1007,6,4,4,4,5,4,2,3,2,3,3,3,3,3,2,1,2
1008,7,4,4,4,3,3,4,4,1,3,2,2,2,2,2,1,2
1009,4,3,4,2,3,2,2,1,2,1,2,1,1,1,1,1,0
1010,5,4,4,3,2,3,3,1,3,1,1,2,2,1,2,2,2
1011,8,5,3,4,3,4,3,3,2,3,3,1,2,2,3,2,2
1012,7,5,4,5,3,4,4,3,2,3,3,1,2,1,2,2,1
1013,7,4,4,5,2,4,4,4,1,3,2,2,2,1,2,2,1
1014,5,4,3,4,4,3,3,3,2,4,3,3,4,2,2,1,2
1015,4,3,4,2,2,3,1,2,2,0,2,1,0,2,1,1,0
1016,7,5,4,3,3,3,4,2,2,4,3,1,1,1,2,1,1
1017,5,3,2,2,4,2,2,2,2,1,2,1,1,2,1,0,1
1018,6,4,4,3,2,3,3,1,4,2,2,2,2,2,2,2,0
1019,7,5,3,4,3,2,3,1,4,2,2,2,2,1,2,2,1
1020,6,3,3,2,3,4,3,1,3,2,1,1,2,2,1,2,2
1021,7,3,4,3,3,3,3,1,3,1,2,1,1,2,1,2,2
1022,7,5,4,4,2,4,4,4,2,3,3,1,3,1,2,2,1
1023,7,5,3,4,2,4,3,3,3,3,3,2,2,1,2,2,1
1024,7,6,3,3,2,4,4,2,2,3,2,1,2,2,2,1,1
1025,6,4,4,3,4,3,2,4,2,3,2,2,3,3,3,1,2
1026,7,5,2,4,3,4,4,4,2,3,2,2,2,2,1,2,1
1027,7,4,3,3,3,4,4,3,2,2,3,1,2,1,2,2,2
1028,7,4,4,3,2,3,4,1,3,2,1,2,1,3,2,1,2
1029,4,3,2,2,2,1,2,2,2,1,1,2,1,1,2,0,1
1030,5,4,3,4,3,3,2,3,3,3,2,3,2,2,2,1,3
1031,8,5,3,4,2,4,3,3,2,3,2,2,2,1,1,2,1
1032,6,5,4,3,3,4,3,4,3,2,2,2,3,2,3,2,2
1033,4,2,2,1,4,2,2,1,2,1,1,2,1,2,1,1,0
1034,6,4,3,4,3,3,3,1,3,2,2,2,2,2,2,2,2
1035,6,4,5,3,3,3,4,1,3,3,2,2,2,2,2,3,1
1036,4,1,3,2,2,2,2,1,1,1,1,2,2,2,1,2,0
1037,6,5,5,4,4,3,2,4,1,4,2,2,3,2,1,2,1
1038,6,3,3,4,3,3,3,1,3,2,1,2,2,2,2,2,3
1039,7,5,3,4,3,5,2,3,2,3,3,2,2,1,2,2,1
1040,7,3,3,3,2,3,3,0,3,2,2,2,1,2,1,2,1
1041,6,5,5,3,5,4,2,4,2,3,3,2,2,3,2,1,1
1042,4,3,2,2,2,2,1,2,2,0,1,3,0,2,1,1,1
1043,6,3,4,4,1,3,3,1,3,2,1,2,1,2,3,1,1
1044,5,4,4,4,4,3,3,4,2,2,2,3,3,2,2,0,2
1045,5,2,2,2,3,2,2,2,2,0,2,2,1,2,2,1,1
1046,5,4,3,4,5,3,3,3,1,3,4,2,3,2,2,2,2
1047,4,2,2,2,3,1,2,2,2,1,0,1,1,1,2,0,1
1048,6,4,4,3,3,4,4,0,4,1,2,2,1,2,3,3,1
1049,8,5,3,4,3,3,4,3,3,4,2,2,3,2,2,3,1
1050,6,5,4,4,4,2,1,3,3,4,3,2,3,2,2,2,2
1051,5,2,2,2,3,2,2,2,2,1,1,2,2,2,2,0,0
1052,4,3,2,2,2,1,2,2,3,1,2,1,1,2,2,1,1
1053,4,2,2,2,3,3,1,2,2,0,2,1,2,3,2,1,1
1054,5,3,4,3,3,3,4,0,3,3,2,2,2,2,2,2,1
1055,7,5,4,4,2,5,4,4,2,3,2,1,2,1,1,2,1
1056,6,3,4,4,2,3,4,1,3,2,1,2,1,2,2,2,1
1057,8,5,4,4,3,4,4,4,2,4,3,2,2,1,1,1,0
1058,4,3,3,2,3,2,1,2,2,1,0,1,1,2,0,1,1
1059,4,2,2,1,3,2,2,3,3,1,1,1,1,2,1,0,1
1060,6,5,4,3,5,4,2,3,2,3,3,2,4,3,3,1,2
1061,4,3,3,1,3,1,1,2,1,2,1,1,2,2,2,0,1
1062,7,6,4,4,3,4,4,4,2,3,2,2,2,1,2,1,0
1063,5,2,2,2,2,2,2,1,2,1,2,2,1,2,1,1,0
1064,4,2,2,3,3,2,2,1,2,0,1,1,0,1,1,1,0
1065,6,3,3,3,2,3,3,1,3,2,1,2,1,2,1,2,1
1066,6,4,4,3,4,3,2,4,3,3,2,2,4,2,2,1,2
1067,7,5,3,5,3,4,3,4,2,4,3,1,2,1,2,2,1
1068,4,2,3,2,3,1,2,1,2,0,2,1,1,3,2,0,1
1069,6,4,4,4,4,3,2,5,2,3,3,3,2,2,2,1,1
1070,6,3,4,3,3,3,3,1,3,2,1,2,2,3,2,2,1
1071,6,5,4,4,4,3,2,2,2,3,3,3,4,1,2,1,1
1072,4,3,2,2,3,2,2,1,2,2,2,2,0,3,1,1,1
1073,7,4,4,4,4,3,2,3,2,3,2,3,4,2,1,2,2
1074,7,5,4,5,3,4,3,3,2,3,3,2,2,2,2,2,1
1075,7,4,4,4,4,3,3,4,2,3,3,2,3,3,2,1,1
1076,6,4,4,2,2,4,3,1,4,2,1,2,1,1,2,3,2
1077,6,5,4,3,4,3,2,3,2,3,3,3,2,3,1,1,2
1078,6,4,4,3,2,4,4,2,3,2,2,1,1,2,2,2,1
1079,4,2,2,2,3,2,3,2,2,1,2,0,0,2,1,0,0
1080,6,5,3,4,2,4,3,2,2,3,3,2,1,1,2,3,2
1081,7,5,4,4,3,4,4,3,2,3,2,2,2,2,2,2,1
1082,6,3,4,3,3,5,4,2,3,3,2,2,2,2,1,2,1
1083,5,5,3,4,4,3,3,3,2,3,2,3,3,3,3,1,2
1084,7,4,4,4,3,4,5,4,2,3,2,2,2,1,2,1,1
1085,6,4,5,3,4,2,2,3,2,3,3,3,3,2,2,2,2
1086,4,2,2,1,2,2,2,1,2,1,2,2,2,2,2,0,1
1087,4,2,2,2,2,1,3,2,2,2,1,1,0,1,2,0,1
1088,7,5,4,4,3,4,3,4,2,3,2,1,3,2,2,2,0
1089,7,5,4,4,3,4,4,4,2,5,2,1,3,2,1,2,1
1090,3,3,3,2,3,1,2,2,2,2,2,2,1,2,1,1,1
1091,6,4,3,2,2,4,3,1,3,2,1,2,2,2,2,2,2
1092,5,4,4,5,4,3,4,3,2,3,2,3,2,2,1,1,0
1093,4,4,3,2,3,1,2,2,2,0,1,1,1,2,2,0,0
1094,7,4,3,3,2,3,3,0,3,1,2,2,1,1,2,2,1
1095,6,5,3,4,3,4,4,3,2,2,3,2,1,1,3,2,2
1096,6,4,4,4,5,4,3,3,2,3,3,2,4,1,2,0,1
1097,6,3,3,4,3,3,4,1,4,2,1,2,2,2,1,2,1
1098,4,2,2,2,3,1,2,2,2,1,2,1,1,1,2,0,1
1099,6,4,4,2,3,3,4,0,3,2,1,2,1,2,2,1,1
1100,4,2,2,3,2,1,1,2,3,1,1,1,1,1,1,1,0
1101,7,4,4,3,2,3,4,1,3,2,1,2,1,1,1,2,1
1102,5,5,4,4,5,2,3,4,2,3,2,3,4,2,2,1,2
1103,5,5,4,4,4,3,3,3,3,3,3,3,3,3,2,2,2
1104,6,3,3,4,2,3,3,1,3,2,2,2,1,1,2,2,1
1105,5,5,4,5,6,4,2,3,2,4,2,3,2,2,2,2,2
1106,5,5,5,3,4,2,2,2,2,3,2,3,3,3,2,2,2
1107,6,4,4,3,2,3,4,1,4,2,2,2,2,1,1,2,1
1108,6,4,3,4,5,3,3,3,2,4,3,2,2,2,2,2,2
1109,5,3,2,3,2,1,2,1,2,0,1,2,1,2,3,1,1
1110,6,4,4,3,3,4,3,1,2,2,1,2,2,1,2,1,2
1111,4,2,2,3,3,1,3,2,2,1,0,2,1,3,2,1,1
1112,6,3,3,3,2,3,3,-1,4,2,2,2,0,1,2,2,1
1113,4,2,2,1,2,2,2,1,2,1,2,2,1,2,1,1,1
1114,5,4,4,3,4,2,2,4,3,2,2,2,3,1,2,1,1
1115,6,5,3,3,3,5,4,4,2,3,2,2,2,1,2,2,2
1116,4,2,2,1,3,1,2,2,2,1,1,1,2,1,1,0,1
1117,6,4,4,4,3,4,4,1,3,1,2,1,1,1,2,2,2
1118,7,5,4,3,3,4,4,3,2,3,2,1,2,2,3,2,1
1119,4,2,2,2,3,2,1,2,3,0,1,2,2,1,1,1,1
1120,4,3,2,1,3,2,2,2,2,0,1,2,1,2,3,0,1
1121,6,4,3,3,4,3,3,4,1,3,3,3,3,2,2,1,2
1122,7,4,5,4,2,4,4,4,2,3,2,2,2,1,2,2,1
1123,7,4,3,4,4,4,3,3,1,3,2,1,2,1,2,2,1
1124,6,3,4,3,3,3,3,-1,4,2,2,1,1,2,1,1,1
1125,6,3,4,4,3,3,3,1,2,2,2,3,1,1,1,2,1
1126,7,4,4,3,2,5,3,3,2,3,3,1,2,1,2,2,2
1127,5,4,4,4,2,3,4,1,3,2,2,2,1,2,2,2,1
1128,6,4,4,3,4,3,2,4,2,3,2,3,3,2,3,2,1
1129,4,2,1,3,3,1,2,1,2,0,2,2,1,1,1,1,1
1130,8,5,2,4,3,4,4,4,2,3,2,2,3,1,2,2,1
1131,5,4,3,3,4,3,1,3,2,3,4,3,3,2,2,1,2
1132,6,4,5,3,2,3,4,1,3,2,1,2,2,2,2,2,1
1133,4,3,2,2,3,2,2,1,3,2,2,2,1,3,1,1,1
1134,3,2,1,2,3,2,2,2,2,0,0,1,1,2,1,1,1
1135,7,5,3,4,3,5,4,3,1,3,3,2,3,2,1,2,1
1136,6,4,3,3,3,3,4,1,4,2,1,2,2,1,2,2,1
1137,6,4,4,5,4,4,3,3,2,3,2,3,3,3,3,1,2
1138,5,2,3,2,3,2,2,2,2,1,2,2,2,3,0,2,1
1139,6,3,4,2,2,3,3,0,4,2,1,2,1,2,2,3,1
1140,6,5,4,5,2,5,4,3,3,2,3,1,1,2,2,2,1
1141,7,3,3,4,3,3,3,1,3,3,2,2,1,2,2,2,1
1142,3,2,2,2,3,1,2,1,3,1,1,1,1,2,2,1,2
1143,5,6,4,4,4,3,2,4,3,4,3,3,3,2,2,1,1
1144,6,4,4,3,2,3,3,1,3,2,2,2,1,1,2,3,2
1145,6,4,4,3,4,2,2,3,2,3,3,3,2,2,2,2,2
1146,5,4,4,4,4,3,2,3,2,3,3,3,2,3,2,2,2
1147,4,2,2,2,3,1,2,2,2,0,1,1,0,2,2,1,1
1148,4,2,2,3,3,1,2,1,2,1,1,1,1,2,1,1,2
1149,4,1,2,2,3,2,2,2,1,1,2,2,1,1,2,1,0
1150,7,4,4,4,2,4,3,3,2,3,3,2,2,1,2,2,1
1151,4,2,2,1,2,1,2,1,3,1,2,2,2,1,1,1,1
1152,6,4,4,3,2,4,3,1,4,1,3,2,2,2,1,2,1
1153,6,4,3,3,3,3,4,2,3,2,3,2,1,2,2,2,2
1154,4,2,2,1,3,2,2,2,2,1,2,2,1,1,2,1,1
1155,7,5,3,5,2,4,4,3,2,4,3,2,3,2,2,3,1
1156,4,3,3,3,3,2,2,1,3,0,2,2,0,2,1,1,1
1157,7,5,4,5,3,4,4,4,1,3,2,1,3,1,2,3,1
1158,7,6,3,4,3,4,5,3,2,3,3,2,2,2,2,1,2
1159,6,3,3,3,3,3,3,1,3,2,1,0,2,1,2,2,1
1160,4,3,3,2,2,2,1,1,2,1,1,1,1,2,2,1,1
1161,6,4,4,3,2,4,4,1,3,1,2,1,2,1,1,2,2
1162,6,4,3,4,3,3,3,3,2,3,3,4,3,3,2,2,2
1163,6,4,4,4,5,2,2,3,3,3,2,2,3,2,2,1,2
1164,7,4,3,4,2,3,4,1,3,1,2,2,1,1,2,2,1
1165,5,4,3,2,2,3,3,1,3,2,3,2,1,1,0,2,1
1166,6,3,4,4,2,2,3,0,3,2,2,2,1,2,2,2,1
1167,6,4,4,4,4,3,3,3,2,2,3,2,3,3,3,0,1
1168,7,4,3,5,3,4,4,4,2,3,2,1,2,1,2,2,2
1169,6,4,4,3,2,4,4,1,4,1,1,2,1,1,1,2,1
1170,8,5,3,3,3,3,3,4,3,4,3,1,2,2,2,1,1
1171,4,2,2,2,2,2,2,2,2,1,1,2,1,2,1,0,0
1172,6,4,4,2,2,4,4,0,4,2,2,2,1,2,2,2,2
1173,6,5,3,3,4,3,2,3,2,3,3,3,3,2,2,2,2
1174,7,4,4,4,3,4,4,3,2,4,3,2,3,2,2,2,1
1175,6,4,4,3,4,3,3,4,2,3,2,3,3,2,2,1,2
1176,6,5,4,4,3,3,2,3,2,4,3,3,3,3,2,2,2
1177,4,3,3,2,3,2,2,2,2,0,1,1,1,2,1,0,1
1178,5,2,2,3,3,1,3,1,2,2,1,1,1,1,1,1,1
1179,6,4,3,4,4,3,2,3,2,4,3,3,2,2,3,1,2
1180,7,3,4,3,2,3,4,1,4,3,2,2,2,2,2,3,2
1181,7,5,3,4,2,4,4,2,2,3,2,1,2,1,2,2,1
1182,5,5,4,4,5,4,2,3,2,3,3,1,3,3,2,1,2
1183,5,2,2,3,2,2,1,2,2,1,1,1,1,3,2,1,0
1184,5,3,2,2,3,2,2,2,2,1,1,2,1,1,2,1,0
1185,6,4,3,4,4,3,2,4,3,3,3,3,3,3,3,1,2
1186,4,3,2,2,2,2,2,1,2,0,1,1,1,2,1,1,0
1187,7,4,3,4,3,4,3,3,2,3,2,1,3,1,2,1,1
1188,6,4,3,3,4,2,2,4,2,3,3,3,3,3,2,1,2
1189,6,4,3,4,2,3,3,1,3,2,3,2,1,1,1,3,1
1190,5,1,3,2,3,1,1,2,2,0,2,1,0,2,1,1,1
1191,7,5,3,3,2,5,3,3,2,3,3,1,2,0,2,1,1
1192,6,4,2,3,3,3,4,2,3,1,1,3,1,3,2,2,1
1193,7,5,4,4,3,4,3,4,2,3,2,2,1,1,2,2,2
1194,6,3,5,3,2,3,4,1,3,2,2,1,1,2,3,2,2
1195,6,5,4,4,4,3,2,3,2,3,3,3,2,3,3,2,1
1196,6,5,4,4,4,3,2,3,2,3,3,2,3,2,2,2,1
1197,7,5,4,4,3,4,3,3,2,4,3,2,2,1,1,2,1
1198,4,2,3,2,3,1,3,2,1,1,2,2,1,2,1,0,0
1199,8,4,4,3,3,4,4,3,2,4,2,1,2,2,2,2,2
1200,5,4,3,4,4,3,2,3,3,3,3,3,3,3,2,1,3
1201,5,5,4,4,5,3,2,4,2,3,2,3,2,2,2,1,2
1202,6,5,5,4,5,4,3,3,2,3,2,2,3,3,2,1,2
1203,7,4,4,4,2,4,4,3,3,3,3,2,2,2,2,2,1
1204,6,5,3,5,4,3,3,4,2,4,4,2,2,3,3,1,2
1205,4,2,3,2,2,2,2,1,1,1,1,2,1,2,2,0,1
1206,6,4,4,4,4,4,2,3,2,3,3,3,3,2,2,2,1
1207,5,1,2,2,3,2,3,1,2,0,1,1,1,2,2,1,1
1208,4,3,2,1,3,2,2,2,1,1,1,1,1,3,0,1,1
1209,5,5,5,3,4,3,3,3,2,3,2,3,2,3,2,1,2
1210,7,5,5,3,3,4,4,3,2,2,2,1,2,1,2,1,1
1211,4,2,2,1,3,1,2,1,2,1,1,2,1,2,2,0,1
1212,6,4,4,3,5,4,2,3,2,3,2,3,4,3,2,1,2
1213,7,5,3,4,3,4,4,4,1,3,3,2,2,2,1,2,2
1214,6,5,4,3,4,2,2,3,3,3,2,3,3,4,2,2,1
1215,6,3,3,3,2,3,4,1,4,2,1,2,1,1,2,2,0
1216,5,5,4,3,3,3,3,3,2,3,2,2,3,2,2,2,2
1217,6,3,4,3,4,4,2,3,2,3,3,2,2,4,3,1,2
1218,5,4,4,4,4,3,2,3,2,3,3,2,2,2,2,2,2
1219,4,2,2,2,3,2,1,2,2,0,1,1,1,1,0,1,1
1220,7,5,4,4,3,5,3,4,2,3,2,2,2,0,2,1,1
1221,5,5,4,4,4,3,2,3,4,2,3,3,3,3,1,1,2
1222,6,4,4,4,4,2,2,4,2,3,3,2,3,2,2,1,2
1223,5,2,3,2,3,2,2,1,3,0,2,1,0,1,1,1,1
1224,5,4,3,3,4,3,3,2,2,2,3,4,2,1,2,1,1
1225,4,3,2,2,2,1,2,2,2,0,2,2,0,2,2,1,0
1226,6,4,4,3,2,3,3,1,2,1,2,3,1,3,2,2,2
1227,6,5,5,4,4,3,2,3,2,3,2,3,3,2,2,2,1
1228,6,3,4,3,3,3,3,1,3,2,2,2,1,1,1,2,2
1229,7,4,3,4,4,3,3,4,1,4,2,3,3,2,3,3,2
1230,5,5,4,4,4,1,3,3,1,3,3,4,4,2,1,1,1
1231,6,3,4,4,4,3,2,3,3,3,3,4,2,2,3,2,2
1232,5,5,5,4,5,4,2,2,2,3,2,2,2,2,2,2,2
1233,7,4,3,4,2,3,4,3,2,3,2,2,3,2,1,2,2
1234,7,4,3,4,2,4,4,4,3,4,2,1,3,2,2,2,1
1235,8,5,4,5,3,4,4,3,2,2,4,1,2,2,2,3,1
1236,6,4,4,3,4,4,2,3,2,3,2,3,3,3,2,1,2
1237,5,4,4,4,4,3,2,3,3,3,2,3,3,3,2,2,1
1238,7,5,4,4,2,4,3,4,3,3,3,1,1,1,2,1,2
1239,7,4,3,3,2,4,3,3,2,2,3,1,2,2,2,2,2
1240,6,5,3,3,3,3,4,1,3,1,1,2,2,2,2,2,2
1241,6,4,3,4,2,4,3,2,3,3,2,3,2,2,1,2,1
1242,5,5,5,3,5,3,2,2,2,4,3,3,3,3,3,1,2
1243,6,4,4,4,4,2,2,3,2,4,3,3,3,2,2,2,2
1244,7,5,4,3,3,4,3,3,2,3,2,1,3,1,2,2,2
1245,5,1,2,2,2,1,2,2,2,1,2,2,1,2,1,0,1
